1,AMFZUNSCFAOJWDNOOXH,GKLJOYVTJHZWSWMXGTP,AMFZUNSCFAOJWDNOOXH@example.com,QYIDAEURSWCAUFMKLCN,62
2,QEBJWSBUUKGFVGSAYAU,TNHNGJDQYMHIRUKLOGQ,QEBJWSBUUKGFVGSAYAU@example.com,DDCNHBBOPDZDAQUHLRF,75
3,PZSNWHENZLYOBAGELFO,EWPBJHAUIOCEZNOGYPF,PZSNWHENZLYOBAGELFO@example.com,PPIPDIGWLOPCLZIIFFZ,18
4,IFIAPCQBZPMJJBGSLZZ,RTTFXZNEIASSHIYZCXE,IFIAPCQBZPMJJBGSLZZ@example.com,FXJCPAZNPTQFJYTFHMP,30
5,FEOCBCBGMXMRCPJUIEB,IYWKCNBEAVBFZWRUYEW,FEOCBCBGMXMRCPJUIEB@example.com,KEOXVUAHJAYQOMTMYGG,88
6,QMIBKEOXKCVCHGTQHET,JMQLWBORNXHBMQSSKQH,QMIBKEOXKCVCHGTQHET@example.com,CQLKZNRORDSBVJJGFRE,78
7,UCWVPIJOZPYYVDYYQBV,WYKFANRURUAOIGITKYG,UCWVPIJOZPYYVDYYQBV@example.com,RJEALMVAPOGNREBUONP,62
8,OKJCMTOCWOGTEJFJVPW,WVOAPOPNUYKCHAHJAYV,OKJCMTOCWOGTEJFJVPW@example.com,WFODVVBLPZHFWJIDHHL,77
9,SFMJCYQBOUGPTLUYYFZ,TNTDZCBHLTYIAQIAQLO,SFMJCYQBOUGPTLUYYFZ@example.com,EUENEPPHWJLRLNADAZT,33
10,ZPOBWNDBLLAJVEVRWUO,XVOEYCCSZFFHYRUAMJY,ZPOBWNDBLLAJVEVRWUO@example.com,URVYPNAFOGWWTJILKPE,10
11,DAIBAQHITZXHHGFRWQG,XGRUDYEBUODZMFWKBIX,DAIBAQHITZXHHGFRWQG@example.com,DJVHWUKPQBUEIMDTAXT,65
12,LNMPEAZGKFQWWDOIFMI,MDEHQKGXTYSUJLYSZSP,LNMPEAZGKFQWWDOIFMI@example.com,UPIROFTCVVSPIUCUDQI,37
13,IESNERVIPYFDXCPCAJV,LBVBBWUHXTJRKQCOCSV,IESNERVIPYFDXCPCAJV@example.com,ANPRKGGGMMVNAUZNJBA,66
14,MFVWGDSBCQUNIJOHOEO,SJVCWLRHKJTCBZQGTHS,MFVWGDSBCQUNIJOHOEO@example.com,RAXPQQIAUIBLZTIJNJZ,74
15,WLDRSTKMYYJVRXYMDQZ,QYUYGLVCAKSUFYNMDGR,WLDRSTKMYYJVRXYMDQZ@example.com,AAZDRYQJEFVMVPFHGRN,19
16,KQWWUMFTDJSRMSKWDJV,FVYKTXRVNHGTORLVHMN,KQWWUMFTDJSRMSKWDJV@example.com,CDGQOGTTNKAMCEHYVNB,30
17,MPNOXNPXXMVEXMQHQTB,ZXSXOPDDFCSCEOJRVRF,MPNOXNPXXMVEXMQHQTB@example.com,ADOZARMYCSIVFNKWANP,96
18,CQRZDGOGMQITSNNZHMZ,DCMXNJUKNBPWGKNRIBI,CQRZDGOGMQITSNNZHMZ@example.com,MGBKTYBULNGEDGMNQRJ,74
19,YDHALAOBDKQSIRVPCMP,JSOXBZKLBRIDOQIZGSH,YDHALAOBDKQSIRVPCMP@example.com,LKKKCEXUMODEMUSXSRT,31
20,EGECCCIWWLNVNKITGQC,CGVECULBQTYZMWQSGWI,EGECCCIWWLNVNKITGQC@example.com,LTVTBELVRSBEPROZCQB,73
21,QYQALZAZBCPHVIYWUMQ,TZMQICJXSMFVRXSZUES,QYQALZAZBCPHVIYWUMQ@example.com,OCHRQBIRVEARCPUUXLM,59
22,RHKAWJQXCXWKAHPSKQP,DPCKKSYDPDXRBNTYHUC,RHKAWJQXCXWKAHPSKQP@example.com,UEAPZOJZBAHAUHNEUAB,50
23,MBFCJIMNSEKAIGKNBJC,FREUFQXJTSRJCRFRQAH,MBFCJIMNSEKAIGKNBJC@example.com,MOXUZXCGZBOCNNYSGMX,21
24,ECVSZKSRVVDRAILTSVO,HRVLBPHEXFIDPRCEJTS,ECVSZKSRVVDRAILTSVO@example.com,OZIPTZYIYWDMKQYFZMF,75
25,IURBPHGORGTYECBMGCN,QVNWOYNDBTYJHYCPUBE,IURBPHGORGTYECBMGCN@example.com,SSWHXEIJJSMPYKSKWSI,75
26,JZVLAYMQIJOLCRDDOJE,OMLRELOSGIWWNHWZOCU,JZVLAYMQIJOLCRDDOJE@example.com,HNDEWOWUGEYLAJUEMCH,92
27,AEOPMCCWUCSHTATBLUU,PBFVPLBZPCOBGJKXEAL,AEOPMCCWUCSHTATBLUU@example.com,SSGUBVSACYWTJJYKMMT,58
28,QESPZCRSGBGBBJLNXEB,YYAPDSMXYAMQNVXNCKW,QESPZCRSGBGBBJLNXEB@example.com,EXXMUXEJELXQDCGTQHI,24
29,EUBFNXWESQXOCNPDCOG,YDNUXLPVOGCIQPXSZCR,EUBFNXWESQXOCNPDCOG@example.com,DXKEKHWZPWXKHQYJEXD,14
30,QHTYWUXAQAWOTCUKIPT,KXAUUFFCCNQDYTHFMER,QHTYWUXAQAWOTCUKIPT@example.com,DWPPKBSQPJVGCHGRKWD,58
31,CCXGXOGGBELTHYALNRK,TXLCSTVZKNUHPAEJSNL,CCXGXOGGBELTHYALNRK@example.com,ZWZEEPFCPWLCPHGXQRN,27
32,KHHLBNWVZCQGECWJXXA,XNXEVASYPXNEAZFHCBQ,KHHLBNWVZCQGECWJXXA@example.com,WSVGWDDDQAXDEHVSAZE,70
33,QCWGQKBKZLCRVASGZLD,JJCRRPSHPZFJLFLXFEC,QCWGQKBKZLCRVASGZLD@example.com,TCBVLEPXSGFLVNCYVFZ,63
34,CAPUONNQTQIJUMUQWEM,QAFLIEXVSQCJBRFCJKM,CAPUONNQTQIJUMUQWEM@example.com,GCDLEYWITBULDURMKBC,89
35,TKZXQQEZLJLIEZTECWW,LMIWQUKXLZHHHCJMQCC,TKZXQQEZLJLIEZTECWW@example.com,TSLPUSCMSJRQLGRQOVW,47
36,DRXTUVWBTEDKIVQMPMR,NLCMBVTSIZZNGYKROGH,DRXTUVWBTEDKIVQMPMR@example.com,MNLRFWQLQALQXBAPRLT,61
37,NCVIRCLOQXIHEINJNFP,CCSDQQDGEQHRBPHRMZQ,NCVIRCLOQXIHEINJNFP@example.com,MZPYLXEZQACWRGGZDKK,74
38,OSTJMULBMZPBPVNQXAF,VTCSQNBYCCIFDKJNBZD,OSTJMULBMZPBPVNQXAF@example.com,TPERQDJWMQMOLMWSNKF,21
39,NGDYCKZGFKQANVESWLZ,HGPFDUBRMDTWFBNWPGU,NGDYCKZGFKQANVESWLZ@example.com,RQFZZYYQRGNWSSAANFD,60
40,XVXADGUELBHGDDHPPLY,TLAETAWEYUIKXNKJFMU,XVXADGUELBHGDDHPPLY@example.com,XRFYPBAHBPZHNVASRTX,2
41,AIFQGNPLZBASODCQFZQ,JAXAYKRPCUZRUVATNDN,AIFQGNPLZBASODCQFZQ@example.com,WYMIEAKEOBDETSCFHUX,54
42,BCUOUUDRYUPIBJOQTED,FRDXASIHJQFEJXSJSIJ,BCUOUUDRYUPIBJOQTED@example.com,PPWBXNWIAUDMHJICQLH,18
43,QARFAAKWZOFILGKBNIU,PGVWABNNMESSCBFJCXS,QARFAAKWZOFILGKBNIU@example.com,AMDERZDRPCCRWAERTIN,86
44,FETDFKTZXESMBSWWCBI,DKDURWIPKZDISJEABLM,FETDFKTZXESMBSWWCBI@example.com,GNIKDBCVEZDSKUESJIH,1
45,TVZNEIZREWXYMZMOGGC,NPSLIWONMKDNFPUHNVE,TVZNEIZREWXYMZMOGGC@example.com,CCJUFUEFBGGYFZJVJRA,46
46,FDRFLMXCLOUZJBXORWW,YTGTAWGEWFBUQXQOFUK,FDRFLMXCLOUZJBXORWW@example.com,TKBUVZMIWNHFJKKSCUO,45
47,SMBMZJAZQQMXMRVJGHM,WRXOVNKMBVPRLZHYYVO,SMBMZJAZQQMXMRVJGHM@example.com,ELFQGXSQVAPGCWASGAG,29
48,YICLMSESPZYAGWJKAZH,AUKJCAIDJFMFIDPYOIL,YICLMSESPZYAGWJKAZH@example.com,KJAGSSVMNWHXIQDRRYR,89
49,NIYTQICVLZDPKYSNOXL,TJUGOESHSPUUTASQTGG,NIYTQICVLZDPKYSNOXL@example.com,VILJSSEDAZDADNUJTBG,69
50,QFJNLSFUBAFJKSDYXJH,YBNTTSXKOTCHEJSXPKC,QFJNLSFUBAFJKSDYXJH@example.com,GTDTLVGFJAPIHGXLEXW,24
51,XQLNQOCVYZMJVABZNXS,BDARDGMAHGQWYAIJXOI,XQLNQOCVYZMJVABZNXS@example.com,WAHGCXPWDQRWPSAIHCF,17
52,FSGFJILSEHMPGXGDTKW,UJJZLQSSLCMMZHSXGHU,FSGFJILSEHMPGXGDTKW@example.com,ZOTZZGOMLHVFRYFGLRF,32
53,ONOTPNBGRTSEGLAOZCN,IAYOYQLCXSTMKUGSCKY,ONOTPNBGRTSEGLAOZCN@example.com,HAEKFUOXIYOEJBKVUEP,30
54,TCZUGYYVJJOBOFIAXMI,PFZMUFMJXPWRSGZCUQA,TCZUGYYVJJOBOFIAXMI@example.com,BRORMRYBOTJMUUKFQPI,6
55,DJFMQCBHLOKKPMLSSCU,CUEJXMZMKCCEPZPOQSN,DJFMQCBHLOKKPMLSSCU@example.com,ACAWLGCKUGELLMWUXXF,53
56,VIESSFIHSBWCEJKBOYV,YKQGUXSNZDNBASLVSBT,VIESSFIHSBWCEJKBOYV@example.com,AXHEOJBFURFRFAUTZMR,32
57,OVQGQFNLOZNGZNXDGVT,CICQOKFTBTZZNFIGQNM,OVQGQFNLOZNGZNXDGVT@example.com,HRVMZKECIZXCFUAOAXI,84
58,BRSSCXCQZFOVRLSZKYD,UOAFXUJEIHTRSRXJYXR,BRSSCXCQZFOVRLSZKYD@example.com,RIRCENCBMDYSIIMGPYU,73
59,RUNONWAFLNIJSPBQLLO,TBLZCLYBZRYHHJESCJM,RUNONWAFLNIJSPBQLLO@example.com,IVSCIRDCZJXQVTPCCWL,98
60,NDRCQWICTJOBTDIZEMK,NTGDJIPVZYQXTFGKYOA,NDRCQWICTJOBTDIZEMK@example.com,FVEKUNQZGRMHNXRJHWU,11
61,VBCWRGSOIBUWQJQVFXS,JOWXIUJCYKJYCVRGKNL,VBCWRGSOIBUWQJQVFXS@example.com,AWABBSCOAPSPSBIVKKL,10
62,HZWJYQIETRLSCQOJBID,CZQRGSRWRZHXZZAVMXV,HZWJYQIETRLSCQOJBID@example.com,OTOTAAYHQJYGJOTNMTU,82
63,JLGTZQKRGFGYVWJPWVH,YNELXNCISIFMAKSIEZI,JLGTZQKRGFGYVWJPWVH@example.com,SAVTDDMSFSJCSPVJJBD,39
64,KLNHKPJHUONVEJQHAIS,GKGYMZYQMDJINNLBPML,KLNHKPJHUONVEJQHAIS@example.com,YFTXKXXBGUUBDTLRPSL,56
65,BTXZYLTDTCCODAONEZF,ORIOZTQPSNNDOSHLUPG,BTXZYLTDTCCODAONEZF@example.com,THEFUHJNFILAPOXUEGA,28
66,IAHKLSPKZMYNOYJJQDF,JEHGVSVDCFVBOQLIOTP,IAHKLSPKZMYNOYJJQDF@example.com,LPXHNJVSHLFWBLMMLVI,49
67,RIMSQQKMYHWTDRDDTDY,PXYIXNGOUOYWYSJOCRB,RIMSQQKMYHWTDRDDTDY@example.com,HXLUVQRNNEUCIEUVWEF,55
68,ECQYVKOEHUTMMMTOLKJ,KNRESHCXTPDZLTTLIFG,ECQYVKOEHUTMMMTOLKJ@example.com,PAPKKGAPQELLLZBIGGA,32
69,LLVIGEKECYPQWQCCPUB,IWFHVBPAZUZUFYRJBJF,LLVIGEKECYPQWQCCPUB@example.com,PLZZALBCYTVNJPBUTYY,61
70,PZQIDTKWEEIVVXKKSVZ,UVBZQFUMOALTFTUCICO,PZQIDTKWEEIVVXKKSVZ@example.com,NPDARJNDWOBXGBQFHIY,17
71,QIXYUMQRLUDTUTVPFEV,NPEAREJANTHFXBPWSPM,QIXYUMQRLUDTUTVPFEV@example.com,OTYFBIERUUSTHGPAIAM,27
72,GWHSAORHCAXPUUJFHRJ,IAKUXKOFXYCMSYAKLJC,GWHSAORHCAXPUUJFHRJ@example.com,VPUSEBHNERRKLNCVSNR,25
73,SJYSIVCVTWCVTYCQIIQ,SRHAFIZJTKWRZBJQSLD,SJYSIVCVTWCVTYCQIIQ@example.com,BCTCRRHPHPGFDSBUVYP,48
74,RWFQWLDFOVROMVQKKGC,LEADVCVPIGXSHUWHUXZ,RWFQWLDFOVROMVQKKGC@example.com,XGODOVSLPAFCYDRBMDX,44
75,JRWPTYZAEVPCEHOYBIT,YCFECJSJRVTKYTBTWJP,JRWPTYZAEVPCEHOYBIT@example.com,IOVUOVXCOIIRZJFJTAG,96
76,DYWGTCTTGMVHZJKARCF,WQNCXEGVXBKBIXELDGJ,DYWGTCTTGMVHZJKARCF@example.com,EBMFRDMRHGOZGDYWDLG,79
77,QZDGDJHHKBFPYZJVRHK,RDHEIQGYMRUJOIKESWW,QZDGDJHHKBFPYZJVRHK@example.com,OPDPAZBSMAMYOBQBCLB,31
78,IBPDHBDTOKKYZYGOUNO,YCMWAWCGZYMOTSIBKAF,IBPDHBDTOKKYZYGOUNO@example.com,YZVKYMPOHXEJBQJVPWF,50
79,MDIRURTVCNSDCLCYGZO,QOIZNJPRKPWEOZUZVZC,MDIRURTVCNSDCLCYGZO@example.com,CQCXCRLFWSIVIWSCVBS,67
80,YBDJHCVKFSXHTNXOREV,IHXLFNLEAGFKDKRSOFJ,YBDJHCVKFSXHTNXOREV@example.com,EJGKSVBEKRWIOIGJUZL,54
81,VNZJKBBNMHMLYNWZHCB,RBJVVJUOIXMUVRMDZIU,VNZJKBBNMHMLYNWZHCB@example.com,PZLLDCDLSDSBBHWPIZB,30
82,DGCIIAJUVTZOOPXQRKD,BNMJWEIUOYSZLMXTGHQ,DGCIIAJUVTZOOPXQRKD@example.com,VCNUVMSURPEZYPPADZS,29
83,TSCYIIWBCZDOFKRYEHB,FJAFFTHSRQPEZFQBYJB,TSCYIIWBCZDOFKRYEHB@example.com,LCGBQMOTVRZWVQPAVAH,24
84,YSPRVIXEFUXBOBAPKFI,XJBUIWSCUYJJTHPVUXA,YSPRVIXEFUXBOBAPKFI@example.com,NMWRNESOUXPHRBPESSL,29
85,BVQSHNFOHJBKQTGUQJN,PMYYWPLHKFPRHMMWBHL,BVQSHNFOHJBKQTGUQJN@example.com,WRXUUZMGDLUGXSICGST,81
86,ZBFTXIHITCWROCLEMLL,YVUVEPFLAFHIHFEZNFA,ZBFTXIHITCWROCLEMLL@example.com,RMGTVPVFNAAXQOYMCOS,4
87,OHKHOMWPBURFWIMIWGD,CIPKPZEQUTDTZBQMKLG,OHKHOMWPBURFWIMIWGD@example.com,VIVZCCMJBRHWWKPEZHB,34
88,XCGMNOEKRBTTJVRLNBH,UVKYMGCVKAVSNIZGLML,XCGMNOEKRBTTJVRLNBH@example.com,TDCKXWQSOBSFSMVQRLS,22
89,OANNATWRLZMJNWXURNI,RRGOHKMMFNGNNTDFFIV,OANNATWRLZMJNWXURNI@example.com,MAQSKAYXZMHZIYWSKPC,37
90,OFNIKBOGADOKUOTBTCG,EDYQHPNNGUNDSWKXRPG,OFNIKBOGADOKUOTBTCG@example.com,LPLJQXCBCMRXAIFCFFK,13
91,IYFHUNVMXCGJBBTMPBL,ZUDVBJKUJKUJQEVMFSZ,IYFHUNVMXCGJBBTMPBL@example.com,PDPZASSHTUPUMCZCIML,77
92,BEXGMVGBTEOIHJAZAMY,AJDOFOLHUMSOUGZXMLT,BEXGMVGBTEOIHJAZAMY@example.com,ABXSFOCDWQNBWZVBBIH,12
93,TLTIHLXNACUQWUDGXGU,QZPBWOHDSQCDCNJOSEA,TLTIHLXNACUQWUDGXGU@example.com,HCYTRKCUPSAFIWEFGLS,39
94,BYIHUKTBBUJHRADWAQF,KFLFNSGOQSONPRVPOGC,BYIHUKTBBUJHRADWAQF@example.com,EZOVOBQZCMNBLYOXDYR,92
95,VMHJXKEUPMZMDGHCAGD,VEMGPMXVVBTGYFEJONJ,VMHJXKEUPMZMDGHCAGD@example.com,HDZFBIWVHUAGKELRGPJ,75
96,RDZODMHCWXFDNPVIMOP,HCQLZLETSOFAHOEBYTR,RDZODMHCWXFDNPVIMOP@example.com,VRAAVXQMWTUXSJNGGWX,16
97,IXHTYMXOPZUFFUXIIUN,LMHIVHBJQGHLOVFTZRQ,IXHTYMXOPZUFFUXIIUN@example.com,NYNLTLLYUHUBGQNGHKO,2
98,VZANRLCDMLNAUCZJPCS,USZBPDKOVKQNEBNJKQW,VZANRLCDMLNAUCZJPCS@example.com,HKVNVCHQLKOYXHIMQLG,67
99,RLVNWRFRMFRUTXZBVHI,YOSRSCOYURZWAGTSTVE,RLVNWRFRMFRUTXZBVHI@example.com,HCBPMWLNRSIVYYRPLXZ,84
100,QFMYLNOYGOGURLMHCMZ,XJWMNCYQCGKWBDLAVHV,QFMYLNOYGOGURLMHCMZ@example.com,NMOOEKJDOAWEFSFMPKC,72
101,HXJGWYUAMVXEXGFPAXX,GEZOGUJTPYRITZVVJOA,HXJGWYUAMVXEXGFPAXX@example.com,ZXSFGKNUHOSJVFNZFPW,40
102,RKTNNFUJWCYCVWKGEJZ,FDFEITWVSGJHQHMDPQC,RKTNNFUJWCYCVWKGEJZ@example.com,GKZFSJBNXRANWVEKDJY,76
103,KZTARQBJWMMKGNRIUCT,ODOHRUTAVLMRRWYUKBF,KZTARQBJWMMKGNRIUCT@example.com,NYWYAZOCUFAWANYIJUD,18
104,VGQQPIHHWXGSVOCISBO,UGKTDZKUNUKYCQRCYOK,VGQQPIHHWXGSVOCISBO@example.com,VVKPENYVKFYMVROXUEC,47
105,GBHKXGGUEEQBSTFFVRJ,SOANKJYZOBNEXEVBMNQ,GBHKXGGUEEQBSTFFVRJ@example.com,ZODCCKXPJRHIBHOKMYF,53
106,KHUIIEOYXOANDFXTRZF,PKIBJMOJOHMXDBPCMSZ,KHUIIEOYXOANDFXTRZF@example.com,IISGCTOQOHXSWOWLCSI,29
107,WZTLRHOYLQFSOVWSURQ,TOTHECKVOVIEUFGZWOO,WZTLRHOYLQFSOVWSURQ@example.com,FJTKPWPYZOKWQBKWSVQ,62
108,NPHOZAEZEZIBEDRUDHQ,FGFCVXBNIQNILEILLHP,NPHOZAEZEZIBEDRUDHQ@example.com,JVSWEYFKTJYEYNWDZXR,67
109,PTKAIQWZYMNWBEVSUQW,SINQPXXKTNKSIWXLKJM,PTKAIQWZYMNWBEVSUQW@example.com,PHDFEGLWASEUDGGDSZZ,8
110,SEQBSCGSJCNIOHPLBXZ,QEMNHAJTMSUJRSIXOYL,SEQBSCGSJCNIOHPLBXZ@example.com,DFTSINQDOMIPJLKVBMW,57
111,SNHBTHKRWEMSGROZZFC,CCKDAXVQNMCQRZHIAVL,SNHBTHKRWEMSGROZZFC@example.com,OCOJALWQGVQTMEGMTGC,53
112,KSFYBFIFJLMQYWLUZQZ,LPFYCLRIXPIOBPCMTLF,KSFYBFIFJLMQYWLUZQZ@example.com,SKTMYYJFJSSLRQCZZBV,89
113,OSYTPSMBNMWJDBBVWOG,CXFRMBNMBFBSGTYYZYE,OSYTPSMBNMWJDBBVWOG@example.com,YHTBBFBCFHMIUPXYOEV,80
114,QGNZADRBGLVSGVITBJR,UYROSRYSDEJXCPARISO,QGNZADRBGLVSGVITBJR@example.com,QTRDDVQDLHHAQLDXLEN,93
115,AXRKMDZCRLKSHKVLIPS,GESLAANMANWLABGJLCQ,AXRKMDZCRLKSHKVLIPS@example.com,MIKHCSBRGHCENBFFSCH,83
116,HUIFIXSREVATTRVIFGW,URCUFGILPLNBYHHJTZG,HUIFIXSREVATTRVIFGW@example.com,BZNWSZFNAFICIPXYYYP,93
117,MVKNISLVJPHXMLFGGZU,MTFNENIQWBAXSRMMIDQ,MVKNISLVJPHXMLFGGZU@example.com,EUUUCROYKXHSRWILVWF,96
118,DGPWDBOYJCLQVCUMIYP,GYCVFDXZGHLRHBTWXPR,DGPWDBOYJCLQVCUMIYP@example.com,POHREOCSBZEUJQJHIFY,80
119,NOHCYIBRNIJXNMRWKZJ,MPSHPPYEBPXNFBUNLKT,NOHCYIBRNIJXNMRWKZJ@example.com,LGKQCDKOLBWGLZNULZZ,79
120,NPZDGLRGMHZRFKJUGAK,HHIGIJSMVTYCPAXXUQA,NPZDGLRGMHZRFKJUGAK@example.com,HFNMWBURJTBCCIFQMAF,71
121,UXICEJWFLMSLDDDUXUL,GDZRZYZQTZUMANVWAHS,UXICEJWFLMSLDDDUXUL@example.com,YDVRGIQPBZUFPFXTVNY,99
122,NHQKFTXDPWWOMTNYDDF,WBDEZGJFIXHTIQUCFOU,NHQKFTXDPWWOMTNYDDF@example.com,VAGNVSDKDWCUORPPRPX,74
123,DLSJHPSVYLAKADSLBOB,HQXZSPBWRANCXBVHWHI,DLSJHPSVYLAKADSLBOB@example.com,UAVVRPALCLMBZMQXGRE,62
124,ZAVGMQWZVORSYTEICRZ,JXXCBKUDFVKITKPYBGC,ZAVGMQWZVORSYTEICRZ@example.com,VAIEXCZZADADHJHYYNS,83
125,ZVKAXUSGMFABCFASCEP,QCJJRHWMUQUMHJKABBM,ZVKAXUSGMFABCFASCEP@example.com,SPNLTYTVBWAHRIQQQTX,12
126,ZWSPBCRTSZTXGAZCRVC,QDXNPOPELAVJTJSPBBA,ZWSPBCRTSZTXGAZCRVC@example.com,PZLYCBXDVJFTKNOSOZU,21
127,EERASIUBLSPLAJCIYIW,RNJWAMTTPWZMXPWXMJH,EERASIUBLSPLAJCIYIW@example.com,XZCRWMNCPGVXZZVJSFW,11
128,HJZEDUNHYPQSFMXQIJE,VCHCAXNCZAJWIRWDHFO,HJZEDUNHYPQSFMXQIJE@example.com,UEHKLBAOIWYDLQHFPVD,70
129,QMNZMWBGQRYUFEWNONN,NUVMLNWRXUTHYWRVGGI,QMNZMWBGQRYUFEWNONN@example.com,KPQLDGNKHIDQBAJMZVC,7
130,HJJSHTUXBSZQWRYKJOE,HNJSLEEHUEXOHATZFCR,HJJSHTUXBSZQWRYKJOE@example.com,YBMECBCMFDLSQTDGTGX,71
131,LVTMTVEZNHZOLJWAZPP,KVOIYWXLWQCDOZGXBOK,LVTMTVEZNHZOLJWAZPP@example.com,RVONHZLIYCWNRBQYEWQ,26
132,JIZMYTYPHUKGQWJCOKV,YKIGAXTMSXYILQOINEY,JIZMYTYPHUKGQWJCOKV@example.com,KJBKBBOKLSEQBYBMRTF,3
133,SXUVGXNXUEAHNEZJTSX,QRODULCYMDJYFLACDHN,SXUVGXNXUEAHNEZJTSX@example.com,JNMRZCEFWZCZQNGNTGY,83
134,VAPSRBFOJMQGNCCZODV,HNYDTULHWSCWIFYRBKJ,VAPSRBFOJMQGNCCZODV@example.com,GCQMBNHQWEHJEZLOBZS,90
135,GFKGFMCWMTERQQCHOBT,NHJLSMOBLUYUYBKDUMQ,GFKGFMCWMTERQQCHOBT@example.com,LHEFWRMLLVDUYZXSDBR,74
136,PNSJSJHBJHZCXJJMOVR,HIEPTXJQAZDFMNRFZHG,PNSJSJHBJHZCXJJMOVR@example.com,EKBYQPKOSDHUYISFTRB,15
137,FYGYVYKJEZOACYSBGFB,QLZRGGZFGBLKGEUCMXP,FYGYVYKJEZOACYSBGFB@example.com,TCPFYZCZRTBWBRIZNVO,23
138,QKDEUVRNXCQBCBMODUT,SAOGRWRKUCDTGVJXVPI,QKDEUVRNXCQBCBMODUT@example.com,LFEPIDAGARKZJXGOZZL,96
139,AMOKMSREXRNPOBZBHOK,DLFZWBQJNIKFJCSOEYK,AMOKMSREXRNPOBZBHOK@example.com,JJMUUYVFCFIIMISPXFE,8
140,PNOQMOMTHZRATQLVEVI,WRRBWFFJYTGBOAHRUBH,PNOQMOMTHZRATQLVEVI@example.com,GQJPZBMEAYBXHBXNRGM,13
141,MLNUAEDBARGIMCINYJI,FLRJUHJFXCLXOCHGPEK,MLNUAEDBARGIMCINYJI@example.com,SEPNYHBQYLRGSENFVME,77
142,MVIHKMFLMIJBXHWVSOG,JPUVXBISNINQSEDKTAT,MVIHKMFLMIJBXHWVSOG@example.com,YPKWXTZOQIERNGVPKVB,91
143,YPBVABVBYMQNHKXJDHJ,PRPPIYOUUWQZJELUGPK,YPBVABVBYMQNHKXJDHJ@example.com,IREXZQMRLZPMXENVXIF,55
144,WBTEUAYGLYQSOGDDIEI,NZMLFOVVSVXNWZZQQSM,WBTEUAYGLYQSOGDDIEI@example.com,RKXBKQZARSZFZFIQSTD,7
145,BUWMTSZCJGEFLWBZUVQ,XIBAVTGCVEBWRZYUIJO,BUWMTSZCJGEFLWBZUVQ@example.com,QPIXBJEUTUJUITBGCJH,69
146,EBZWZJGEWJTDWAMILJL,QYXIORSSEGLCWNBKYTA,EBZWZJGEWJTDWAMILJL@example.com,NTDNVFEMUOHFUYNGWCG,66
147,IZEATMRJXATIICFRFFN,TUAIJXOLFTGSXJQZTDK,IZEATMRJXATIICFRFFN@example.com,YHLJYNLYXWIBAXGGMJD,11
148,OQHRXIRKALDTPJUUFPQ,MMCHQZIVBXHEMGNEAGV,OQHRXIRKALDTPJUUFPQ@example.com,NBRZEMHVKSWSNFSIUAY,98
149,PBGHCOKJLSYNBGLFNEH,DMINDQCXKTKOIAXQTCD,PBGHCOKJLSYNBGLFNEH@example.com,BZJEJIYNJGNEHDMFNQH,7
150,GYRRACIZCBOUMPYPLPG,RNWAFFGSQVIDPKSKEQR,GYRRACIZCBOUMPYPLPG@example.com,EAAWTIZQWOPMNSBCEKN,50
151,LGTCXZWYYOBYRVEMYUP,MZYKIQLMARHCAOFIWES,LGTCXZWYYOBYRVEMYUP@example.com,ZIYHOJJXKMSTGFNURVR,17
152,NZEZSVFUXUYRPSAATEE,FAXJJLNDMYGSBBPPVHT,NZEZSVFUXUYRPSAATEE@example.com,UQUUXBKDPKJBMRYDIPT,50
153,ITTZQCNNMCSYPMCGEFR,XNWZWKYGEEBGUYUKXTG,ITTZQCNNMCSYPMCGEFR@example.com,LXLFNVOBMTSCTJSCZIW,13
154,KTVERAPSPGDCRAKFZJM,OIEOEWOFCSTEZOABASO,KTVERAPSPGDCRAKFZJM@example.com,QWUEXMSSEPHKEUTDCUD,7
155,EOFMBRPQPKMRRVLXTFD,EQXJDQLTLMELNTEMNSC,EOFMBRPQPKMRRVLXTFD@example.com,QVLVSWMIEFWFCCHAWGE,62
156,FGCWGUHFXLLFOENPMFU,LPFEZWIFPRZIAKAGDVH,FGCWGUHFXLLFOENPMFU@example.com,NDPWWHNBIPPGRHAGLYQ,96
157,SHLGFAGNDQHBHPPZXTL,SHXMIIIZMSSICBNKNGZ,SHLGFAGNDQHBHPPZXTL@example.com,CMATGANLIOQJNVNOXCT,58
158,OMHKXRKKYKDYDXCFWDX,FMETOIOWKJSGEYQJKOW,OMHKXRKKYKDYDXCFWDX@example.com,PLIHKOLLYEUEFVYFAXT,44
159,GEJBIHYUWJXRFOXJZTG,UQVNLQNJMPZSVFXZLFV,GEJBIHYUWJXRFOXJZTG@example.com,SIUDGHSIIOFWANWUCQL,44
160,HHCTEQTSLUWQDIWRGGD,BHBOFFMYQQRMJVCDOIS,HHCTEQTSLUWQDIWRGGD@example.com,FKGQDNSCAYMKMWCDGJB,91
161,JUNFLTTLWVMVXGXNCKP,JCTZFJDPUOSKCIXPIAY,JUNFLTTLWVMVXGXNCKP@example.com,GSFRZRRDZXSMTRXVSLN,89
162,YQXNCBFEZRKNVTLIRRP,LHQTUQZXKZXETBQLRBP,YQXNCBFEZRKNVTLIRRP@example.com,ATWJWBQWXPIISLTUPRX,6
163,YXMFGXXFMGMUINYWMPV,OUUVKKIXUEWJWJSYUCC,YXMFGXXFMGMUINYWMPV@example.com,HBHLYRJKWQIMRRSHIKD,23
164,SGTWALIKSPOAWNSMAQN,EZRIORZZLHQUNRXLWTU,SGTWALIKSPOAWNSMAQN@example.com,WDMOMMEVXUYIGSPTSEK,92
165,AJGWKPCCCMFWLWZRFOG,RGPIRBHNFHQJGTXCIBU,AJGWKPCCCMFWLWZRFOG@example.com,YZQXYPXWYKCLONQSDHP,83
166,QOEDMJKWICHAUYTNZON,XLRTSXHLWQLIOCYBTRF,QOEDMJKWICHAUYTNZON@example.com,SWWIRCGCEMENLQXYIQC,33
167,JIMXADFCERFEMYPAZBZ,RELASIXTJZGPFWXYWZG,JIMXADFCERFEMYPAZBZ@example.com,EAAEJNACKQHMQKJJQDY,81
168,BBAYHYARIEMQYMVNJUO,JNCXOVVVSOQDWASBLOK,BBAYHYARIEMQYMVNJUO@example.com,KDIGTZAANBOWQQHDSYG,97
169,SUHNCBISUPBGVLHCOVL,BVYXAIBEPFFYIPGHOPX,SUHNCBISUPBGVLHCOVL@example.com,OTORFZEJEWGZJRZDRIZ,65
170,HEWEWMEMFRSRTLMXYJD,SBUWSEXKHWYGYLGJWDL,HEWEWMEMFRSRTLMXYJD@example.com,FXMXAYVSXGTOABHGGYD,85
171,QNMZJLANQFROXZTSDTX,WLLPRKQONQJXCPVECUA,QNMZJLANQFROXZTSDTX@example.com,HSEGZRNAUUDEDCFGGZN,39
172,RDRSSIQNJBOUHGESABN,MZFDOUWVULIJTPZNTJL,RDRSSIQNJBOUHGESABN@example.com,PJANTYGHSMYGZJMHDLR,49
173,VFZFBBMZAZTRYRVUXZY,OCRCDESXQSTICYEEKVH,VFZFBBMZAZTRYRVUXZY@example.com,JOCZQOKSWCFGAJGYQCC,58
174,WOUHABSZGBGKBEMQHZY,QWBDIFCIEHHFFIITEYS,WOUHABSZGBGKBEMQHZY@example.com,JXYMMMHHZZNIWSGNBIE,87
175,LVWVRGWSIAISFBBDFBF,YVZYCIEBAOAIAYEDHTT,LVWVRGWSIAISFBBDFBF@example.com,NHVXDSROKGMXXDSVIRC,62
176,KJQDZJVTWNFQNVDIYSQ,XUXNHGFKZKMWJJIYGZJ,KJQDZJVTWNFQNVDIYSQ@example.com,QJQKDFHFMVZHKARYVTR,66
177,AOHDFQKYUYJSEQFOTER,BEPHRZMPSGCAPFFATCJ,AOHDFQKYUYJSEQFOTER@example.com,QSIOGHNUJPTKFOQHSKX,99
178,BHCYMSKFCKHOWWPJQNR,DATGHLOMWRAZDQRACOT,BHCYMSKFCKHOWWPJQNR@example.com,GPVNWUOETEUMXURERJE,86
179,WDBPYDCEOJKMMKDWNLX,MPLBGBDFSJAIIPDGHFE,WDBPYDCEOJKMMKDWNLX@example.com,CKGIHVZDBUTMIUNZPDW,74
180,CDALBRLTFEXZBPTWAVE,QEPNMBRNAXDEHQPKTAH,CDALBRLTFEXZBPTWAVE@example.com,IMQYBZJJVIFGYKEOXUG,6
181,COMPDVJDSHAWNSOIIAC,FABTTVTISPTUTWEKJKL,COMPDVJDSHAWNSOIIAC@example.com,DTAYTKEYIODMRXXFECP,62
182,TEXFXZDJHIDGZUIESFK,RISTMGRODVYIPZFTFBA,TEXFXZDJHIDGZUIESFK@example.com,IVGSSPSHVXGQPGZOEED,15
183,ILNNFXNHOJOQBAXKUKP,DLUXSHWQUUZGNZJQDXT,ILNNFXNHOJOQBAXKUKP@example.com,YHLWPVEXQKTPRNVNRFL,30
184,RECOYJHEBRWTKFCUCIM,KVZZTWTNLFMVZHYKMLD,RECOYJHEBRWTKFCUCIM@example.com,VXCHOSNFLSAJTCXJBWC,88
185,ZJNLUJDFICEBZYCEFAE,PRDOHWROJHVBHOUDUUP,ZJNLUJDFICEBZYCEFAE@example.com,JJBMALDJIUWAYVYCTIF,79
186,PPANSWIHNRHQCELBCWE,TVYQMCTOOLBWLJUWXCM,PPANSWIHNRHQCELBCWE@example.com,TMYSWRLILZGERYNQBVW,41
187,GZAQIGSCXGELSQUBPFW,NNEAXDXWQLYFBWKCXXY,GZAQIGSCXGELSQUBPFW@example.com,JXQSQNQDKHODFJTVIVN,43
188,EOESUFPBHZGDDPBYWQX,UFAISHMUJGUGBTUKUVC,EOESUFPBHZGDDPBYWQX@example.com,FMRPHGUWTMXNLLOVVZX,40
189,YJMEFKBFAEJEAYVFCZF,AAFMQEFVBFHPDJSWRVL,YJMEFKBFAEJEAYVFCZF@example.com,LLTXQPRUWUCTDJGBQYM,87
190,UCNMYUWMYKHBIIZUTDS,KTKJLUEWHTAEZFOLPJD,UCNMYUWMYKHBIIZUTDS@example.com,VVAPHWDBYYHMPMWHBWZ,61
191,EAHQNYCUGHNRWKRGTBG,MFPISJHQBCJPQUOIIVS,EAHQNYCUGHNRWKRGTBG@example.com,RRMBEVWDEPFLTSGLVDR,49
192,RINYCHNTYCOCPNFYIIS,BEGMRVWLAWUEBWYDOCU,RINYCHNTYCOCPNFYIIS@example.com,EUHMOQDVWXMVUFFRZQF,62
193,TKWNPFEBMRCVMXVKKVY,LBVZAMLRUKBKRMSUQVP,TKWNPFEBMRCVMXVKKVY@example.com,LNOUJGHBQQNIYVASIWA,71
194,NZPHVJCCCZVCACSLCZF,XGDRMFVODVYIACKMVQJ,NZPHVJCCCZVCACSLCZF@example.com,SJXCWRBPONXVUEUNMII,99
195,UZLWKOIMUVRXZTWTNAJ,QORIGIRLAGAKTKPDDEE,UZLWKOIMUVRXZTWTNAJ@example.com,AXPELWHAVMQVBZVGTRO,33
196,SWAHSLAOVXCVTYVCDNC,JFHXHXOLJYHKHLXSBRN,SWAHSLAOVXCVTYVCDNC@example.com,UJFSGRHKJJPJYZDZSEM,55
197,YCBJAOMZWHPYOBYZIOZ,CSOSLMGBMOLFBHQGQGS,YCBJAOMZWHPYOBYZIOZ@example.com,COXZGQZVRSFQGZAOIRM,78
198,UFSZYBFOFSBSUSXKRDC,ODAMVKHVLSSCOUBHDOR,UFSZYBFOFSBSUSXKRDC@example.com,OLGYVBUOTTZZDGGPFMI,67
199,ECBIHMQAOGNAGICVSUJ,KUUMIYCUCEGZXFJHUBJ,ECBIHMQAOGNAGICVSUJ@example.com,BYYVMGHGIBXOKQDZLAG,49
200,DBGPNMKRREVSZCQHWDL,IJJDMVMORVTDSHELOIS,DBGPNMKRREVSZCQHWDL@example.com,VIMBPWWNTGZTNRNZMZP,74
201,HKMSVKSPNTZIJBHCFAJ,NKNAUOOWRUZRGUPUVXK,HKMSVKSPNTZIJBHCFAJ@example.com,UGYSDBAZKLMJYBPNYYO,99
202,LPIHHILPADNTXGZBBNO,ZTHOEVRYDPVBHRCOPMP,LPIHHILPADNTXGZBBNO@example.com,MFVYBZNARLCRBGJMILO,85
203,GYZMXVXGMXVPFGOHUVB,KUGENHMFFOVURTXSJLW,GYZMXVXGMXVPFGOHUVB@example.com,PIUOATRZWYJIALGZBGV,6
204,XMYDSTBJALCPLSJBKVR,ZJQQRLNJCAUMQECBKQF,XMYDSTBJALCPLSJBKVR@example.com,NUXXKNJZAOPOFXVRRHW,20
205,UUMOTCRCFXCFBVBWRNQ,TXFKYFVFAODBAKABVSL,UUMOTCRCFXCFBVBWRNQ@example.com,KVUVWUUCALXGLEABSSE,24
206,ITXCXBDTGQJOMEPDTYO,LOUFUPNZIZSQBURFPNQ,ITXCXBDTGQJOMEPDTYO@example.com,RSQSFSWFGXDIZDZYFSX,69
207,ZLOPNJKCRPUXCQBVOWI,LJCQZIFXONOVYVDNPWJ,ZLOPNJKCRPUXCQBVOWI@example.com,NEBYMLHSWSACPCTEHJF,5
208,UAGEZZQXZPXIPBRBXTG,CNWKKRZYABOSHHHNTRI,UAGEZZQXZPXIPBRBXTG@example.com,POHBURJPCFPNHRTTYJD,16
209,VMIHEYVHSGXHLTXNGCI,FGXIHHLJWVLYYGNKTAK,VMIHEYVHSGXHLTXNGCI@example.com,BYTZMYZJYZRKMOVGURM,54
210,TNHFGWXCKUVILCLZZVG,VDHGCKEQDNDVRUUIQWM,TNHFGWXCKUVILCLZZVG@example.com,BHANIGRHKIWQRFQTZTD,4
211,XTBXWRFAPUWDKVGYKKO,AONVNWGYLWIXOYWSJRO,XTBXWRFAPUWDKVGYKKO@example.com,OVKXLFZMWFSHNRRUACB,90
212,EQSUCGMZBKXOXCWQKRK,VZONGIROISERTUQTGRI,EQSUCGMZBKXOXCWQKRK@example.com,IRLGIYOVNROBVMYBKRU,61
213,UMLFOSQZRLBQEPTDZCF,NZRBIJAPYNMAJLYXYYK,UMLFOSQZRLBQEPTDZCF@example.com,XHNWVKYSZFWREAPLDJM,62
214,QOGYMBHTZGMVUSNLTBW,DLYXUPMPTIZSYHHPVJL,QOGYMBHTZGMVUSNLTBW@example.com,ERIJACECXBWDSXMUXGI,25
215,TZKHSMPMDKUNJHWLHPO,FSJFPNHBVAQZBENZDYJ,TZKHSMPMDKUNJHWLHPO@example.com,KOTWPUSVIRLCMNBSESY,16
216,PMOVUZODYOEBMRGQJMX,EXKIGWTOXEYPQIZMMXD,PMOVUZODYOEBMRGQJMX@example.com,LUOQJPCXXRXSHJBOPXH,55
217,LJPDYEKTZZSMKAAJWOH,ILUTSLDIKAZQRNZXECN,LJPDYEKTZZSMKAAJWOH@example.com,VBQJIAXMGAFJRQBULNP,41
218,FSBINRYRFILQHLBCWKP,UEAEDAOOHGFVMHKRPXF,FSBINRYRFILQHLBCWKP@example.com,QSZVFMOFYKLKWELEVRZ,93
219,BSJXELBEWCJVHCXQZCS,MFUDQOFQBMMSFWWLDIS,BSJXELBEWCJVHCXQZCS@example.com,COCQFLIHPDFNLTCZEPW,48
220,CXSXTVHQQILOWOOHKOQ,QSGRRXWYFPBWXBESWAT,CXSXTVHQQILOWOOHKOQ@example.com,DFHATKBHYGWQYKXZYPN,22
221,XOJLYQGBOSCTGQZOXHW,HNKSCVDFWRIKHNVMXHU,XOJLYQGBOSCTGQZOXHW@example.com,YGIFFJIEIKIKGZHSVCO,61
222,OVSJJRCWZCMFVXFFSKI,ZZMHWBYILHZSVSIVVEK,OVSJJRCWZCMFVXFFSKI@example.com,REFAKOGYFDCOWKOWPQS,16
223,LTTDGXQHSRRMUSERQSX,VKICWJJCCTIAZIZGXHQ,LTTDGXQHSRRMUSERQSX@example.com,DTRURVZTRJHEUCNQWCJ,86
224,VWEPBLOZMVTFDMXFRBH,KZQOPADXDXNUKWQBVSY,VWEPBLOZMVTFDMXFRBH@example.com,LGNOODNGXZGIDAOTOOZ,55
225,FWADHUEBTOKJZELQBJW,JTYUXLMDDMEZQVZYWSN,FWADHUEBTOKJZELQBJW@example.com,LVANJIROHIMESFDLQED,66
226,NCIDWEHPAGXCKOKRRJL,XLSRPCSGVXZGZAZAYRF,NCIDWEHPAGXCKOKRRJL@example.com,PHINFZUWKGZZHEBARCN,26
227,KFNSIOEYMKFXLYKWZQY,ZDWAKYQOYOSHMHKIVPA,KFNSIOEYMKFXLYKWZQY@example.com,SZVENIRHCJMDYLKILUP,63
228,JYVHBMQHRGAUVOUDLWL,HJDVHWCJIJLHQQJENUB,JYVHBMQHRGAUVOUDLWL@example.com,LBJTTHYXJABXLLAQNPV,64
229,IJKWYKLOXFSRGUCXYSG,LEWWTDFAXXIGYLHCBKI,IJKWYKLOXFSRGUCXYSG@example.com,JFVUPVWJCQOYDYBUJTS,26
230,FOOLXYMCCSXDDXOYSVC,ZPEZYXDTHSTBRXSBYPN,FOOLXYMCCSXDDXOYSVC@example.com,THFMDQIORTMWGHHSJKH,31
231,ARKTPPRVGFLCWRVPMYB,SSCMMQQDMXHGOCBYFCX,ARKTPPRVGFLCWRVPMYB@example.com,MGNLXXHGDJUIEHBNMKC,33
232,UQYKOCGGEJLYPDWSEIQ,EEYPRXJTXMOUBEEYGWP,UQYKOCGGEJLYPDWSEIQ@example.com,PDJZAFIDERBOEYMOLJD,12
233,COQHJTJXBIHDHZAFVGH,GINKUGMMAGJBRGYMJWA,COQHJTJXBIHDHZAFVGH@example.com,BFXPLDGEZUTOOBVHSIB,97
234,JBCMGILTQCNOFVDAXEM,OPKKBZHYQWPNIXFDDGW,JBCMGILTQCNOFVDAXEM@example.com,YTKWWWFHHZXSDCQLUES,71
235,STSTQABTOHRYWNWHGDL,YFVKYHUVFBXZGABUGVO,STSTQABTOHRYWNWHGDL@example.com,WVKBDEJYMIDIQTOLZWC,13
236,ZQASOSRMBUIMQHLWEWB,AUUBKVWCGYQUYUASRTQ,ZQASOSRMBUIMQHLWEWB@example.com,KVALTPDXNICOQSKJPSC,25
237,YXGWZQNXNTRAPFIFLNS,NFWPMDCYUXRFXTPWIDW,YXGWZQNXNTRAPFIFLNS@example.com,KDZERKEFMLXPMTZWNVN,26
238,DPJVPCOLKXIDWOQOWSY,IURLVBTFIGTKFOEGXKV,DPJVPCOLKXIDWOQOWSY@example.com,LKGXYNUJVQGKDPEEIIS,6
239,XHLQOIXZXYQGHZCNYFX,OCMZIJHZPHNAGWOTPBP,XHLQOIXZXYQGHZCNYFX@example.com,FSUTNSBANKDRDPNFUGR,4
240,UIFHOZBHNCWRLTJDMNF,IHYSQOMDSMQHDPPKFQH,UIFHOZBHNCWRLTJDMNF@example.com,MYLLJYRTABSRVGSBJAO,17
241,HFMMIWBENPMAXYVGYWQ,QJKHCOBPTKGBGFGYXQZ,HFMMIWBENPMAXYVGYWQ@example.com,VNCKWSOVMEMEYZXFLTK,68
242,EOCRFJBQQTDTXZHTGNI,ABVOVMLNVAUVWKLHXJN,EOCRFJBQQTDTXZHTGNI@example.com,GRMMENHQDJUGIFZTAIV,88
243,PUFKYUUDBZYQEWUWPQK,BSDROJAGFOCFOVLEUUC,PUFKYUUDBZYQEWUWPQK@example.com,YQLHREBQYHGFYAOOKZI,59
244,SHEBHWKDLALHDXTAYRN,YQDCCFSEPEUWGLNUZOV,SHEBHWKDLALHDXTAYRN@example.com,QZRWRCQMUIFFXRMKOBJ,53
245,SPTJEYDHEZKNFCZSKUC,RMMHOSWYLNWBFOXDGHY,SPTJEYDHEZKNFCZSKUC@example.com,QTYZSJWBZYAMJGDTXME,54
246,ZUCQTDHZDVYPBWGCMPH,BQFEPFVCMGPZICBMVWF,ZUCQTDHZDVYPBWGCMPH@example.com,FYSHLLFRYBBHQMUKVAN,82
247,RKSZNGGCAVVOBRBMAFX,EKLSHCPMXXPSIHBVPZB,RKSZNGGCAVVOBRBMAFX@example.com,XVPELRRBSNKGPIFJDHC,91
248,XXCHBBECDZJZLYEXCEZ,LZBDBMRIPRTIJTGGKGV,XXCHBBECDZJZLYEXCEZ@example.com,GFTLHCBJNAQCIMWILBA,45
249,XGQPSIPMORPEOIVLQQK,KKKXWEPVXHOWGCOVXMX,XGQPSIPMORPEOIVLQQK@example.com,EJJOYNIKPXNJTOVNHRA,31
250,YLNBJUMMVYCDAJMEVLI,MXFKCABZGSUYQDZHYFP,YLNBJUMMVYCDAJMEVLI@example.com,DIVYFPYOYKCXISAXXIF,60
251,LOHDWXKCGWFCVTBDWCV,JWWSAZUUSHQKQSKPXJC,LOHDWXKCGWFCVTBDWCV@example.com,REBJXRTOBBHIDSNDOCG,73
252,TQUQBXRNDYRNKKQCQRZ,XFOAEVQSPPWZIFBUHSJ,TQUQBXRNDYRNKKQCQRZ@example.com,LSBAUFTCDKFDVXPKKDH,62
253,IJZWQRBHJAHPNSIPDZO,QYTGREMHBXMYSBFLCGZ,IJZWQRBHJAHPNSIPDZO@example.com,GYCOMQSVKTQHCIKECPY,91
254,MQTEVIPQDKVVQIYCRML,WIMNQEWNPYLUCXTDQID,MQTEVIPQDKVVQIYCRML@example.com,DXWSFMIPREPCCOXWFII,6
255,TXCLOMTLXNYYZPBCHHD,ZTRPIXETDEAMSPKFUCI,TXCLOMTLXNYYZPBCHHD@example.com,KALLZPLLOMDSLIMPMCJ,31
256,DZHCYCLBYGJTDVKTANQ,VWFLTFLDHWOSURZYXVX,DZHCYCLBYGJTDVKTANQ@example.com,WZXZLIISJMSCMULTCJL,90
257,FXZOWKIHNIVVGFUBEJP,YWVPSOWOBJSMPHMEMOP,FXZOWKIHNIVVGFUBEJP@example.com,BNFNUJHIQWTDKHRXURA,96
258,YYBBRKOPYWIAMJIRTYU,DKCXAIIEZMZYAPGDTAF,YYBBRKOPYWIAMJIRTYU@example.com,NLARHPQTOUPGVRNTLVV,15
259,HQCGHHYBADYGPJGHZFM,SAFIZXMQLCANVXXMSTO,HQCGHHYBADYGPJGHZFM@example.com,QWPACFBJSRAMAHHSPUS,73
260,VCZCHKFDMYCNVORNOHO,UIORKZOJIAGYHURBSKA,VCZCHKFDMYCNVORNOHO@example.com,PERSVRWRJVSKOCUKWHH,68
261,IYQJANIYVTSVTBEXQEW,CBYRKPNKXJQDBSTCQYE,IYQJANIYVTSVTBEXQEW@example.com,MCOIORODPINRNVJJFBO,70
262,YENHCFTSKZQFAAOVDZY,NDRRCJCDXAFPKYKBIQE,YENHCFTSKZQFAAOVDZY@example.com,UMZMXFJKPRLKZIRSPCD,85
263,WFGGCUYTGNMEQKURPQI,SFTSMSLDTTMIOHWAYAD,WFGGCUYTGNMEQKURPQI@example.com,VIWHBJFQQGATZHZGRKL,5
264,UWVHBDSFCPRDENREJXV,PVBDLFCINGGUINQJKUY,UWVHBDSFCPRDENREJXV@example.com,DZRPDGWSTEQHDEDJDDT,29
265,ADLOMJQRZTSGIZWXPCL,XAVGVLYZGGLTXRPOQAB,ADLOMJQRZTSGIZWXPCL@example.com,BNRFIPKIETAMXMBEHRF,84
266,UPMRTSXGIQSLLKJUCMD,ATTUCLHIFZLWJQDXLYO,UPMRTSXGIQSLLKJUCMD@example.com,MZRMOMTMWGHGTWDJRQK,99
267,PFKNWCAQJTDHFICHSPQ,XNYRNNZVFXEIEMWADJX,PFKNWCAQJTDHFICHSPQ@example.com,RMSEXBBWWFQNTLTLHXE,84
268,KAEDYPGNTPAPLJEKLQC,GUPJDKECWEBYYBXDRLV,KAEDYPGNTPAPLJEKLQC@example.com,DZJUOKLXRSXFKNUQGYH,44
269,LOISJKIIBTQYNJANWAE,DPHPKWCUWFIDKGLHODP,LOISJKIIBTQYNJANWAE@example.com,MQMPZCCIIKBQCNUWKQW,0
270,KDKCPOXNSQSJKFMOIHY,HCMYDLBLKFGSCCGOVJG,KDKCPOXNSQSJKFMOIHY@example.com,ZXCMOTAZMJOHWTPXGVA,53
271,XAQEZIQOTKGSMTEULSO,QKLETJIIBUGKNQDICOJ,XAQEZIQOTKGSMTEULSO@example.com,VPXEXOMOTAPJJKMPTOW,95
272,XQXPCTUJMNVGUIXMKOV,FXMIDAVFSBMBFEAZERJ,XQXPCTUJMNVGUIXMKOV@example.com,IDCQPKIDXBWYKZMGCPE,79
273,JJVYEXMWMGHJQNUBRGF,GHDSNYXHWQOTVVYUQCI,JJVYEXMWMGHJQNUBRGF@example.com,SKINQXECXNCHZBALAZF,59
274,NBZKLZTSQGZFUFEDNFW,KLMOUTSBPYLDWZXDSYK,NBZKLZTSQGZFUFEDNFW@example.com,LUFKVVBGTLPSHTIKWYU,95
275,GPPPQCVLWGMFEZWCHIU,HZCCWYZIHIENOJKCMLL,GPPPQCVLWGMFEZWCHIU@example.com,XKJTNIGUUXHBPOCYRTH,95
276,SNGMXTUTITTIFASDBXB,URJQGNLEXXTINXCTPSF,SNGMXTUTITTIFASDBXB@example.com,DMAGMWLRNVSDSQCZMCN,60
277,YSUOJZXYJSOQXHSYQAH,DREYRNHCATZHGKTHVFH,YSUOJZXYJSOQXHSYQAH@example.com,CJKIQMZFGBRHOUCUNLC,38
278,YUUKEXUDLTCAQYOCPBL,CFTLBPBMKJQGTYNDWNJ,YUUKEXUDLTCAQYOCPBL@example.com,XJUCIVMDIXXBPHSXXGF,70
279,OAIMVVUVGTSHWQVHXJK,VPEHUSVZFUUCDYFDTCH,OAIMVVUVGTSHWQVHXJK@example.com,NOMWTRRPKGVDENBHOEI,17
280,PNGOLEDTPXNSMXWBDAI,OKTXFPPMJCEFKDLFQGX,PNGOLEDTPXNSMXWBDAI@example.com,JHSKUDKQJRNPQWAIWBJ,97
281,RGTOCLLDQCMMQSBYGYP,EBYAWDHURTSBYIGIFPD,RGTOCLLDQCMMQSBYGYP@example.com,EEJSKLZLZFVMOZSPIQV,30
282,ZGOASGTWYZIGXOEYSOQ,DKYYXFMURIJUNBCNAWA,ZGOASGTWYZIGXOEYSOQ@example.com,DFUZAZWMKLBHCIBRFMD,25
283,VSRELTLNJLQIAXRFEEJ,YTTJBNTUJULXQKTXBDJ,VSRELTLNJLQIAXRFEEJ@example.com,GUGKFRKUBOUXBTIXDOX,30
284,UZUJDQREDCEINIMSCZA,ROMUJFLLOOCXTOZZZUD,UZUJDQREDCEINIMSCZA@example.com,SMLFSLSNQRLKCUZMKDE,68
285,AEUJTXYHHAKQVDCCPMH,LGKMUEAPSCVPQEHMZPF,AEUJTXYHHAKQVDCCPMH@example.com,NIHPCMHKUPUGUCMZCQR,74
286,EHNJCSTBTENKMVNGRZQ,EESBSNUPTMQQXTFKGBQ,EHNJCSTBTENKMVNGRZQ@example.com,JSFEURRQJMFKYMROEBM,78
287,IWXFTILWHMFVJPTWTWA,CEPJUXRVJCSSWXRNUOU,IWXFTILWHMFVJPTWTWA@example.com,GYSQNQPKIIGNMFYZMOF,80
288,NFCIEZCNIPEWBBANJPF,WMUTCYZCXERLOIWKKPD,NFCIEZCNIPEWBBANJPF@example.com,BOGRLKVERUWKGLNGPSR,72
289,YYGPQZLUCJXVJCVZHBU,KXAJVTJSEMZYYALHFZY,YYGPQZLUCJXVJCVZHBU@example.com,KZOMGDKMBSKVJVPYYEY,39
290,SWGPJPDTLNUWVLCRZGQ,EGTFLJUFZSOJCMKCUOF,SWGPJPDTLNUWVLCRZGQ@example.com,TIJRRAZWWNVUWXYQQTW,79
291,NHKSBOJAUAWZDOVZTXD,FWDNWMWFEPNUKMRUWEF,NHKSBOJAUAWZDOVZTXD@example.com,PSICGHRVGFYWNQQOLCL,4
292,AVUHOPRJJZOOGJHMAQB,URXOGMKSPBPTCAZNCTS,AVUHOPRJJZOOGJHMAQB@example.com,QBVDFTZVYBFLGZODOCH,2
293,WLNLUPGAPMWXDSLIEZF,IKUEIEGSBOGGCAJLSJG,WLNLUPGAPMWXDSLIEZF@example.com,IAJYBBOBOOZFEQJYFJX,31
294,NHRDAQAHDMECIXYDPEF,GUJMSTFDILFOJWATRYL,NHRDAQAHDMECIXYDPEF@example.com,XOZLMJRJGXRDXJOTCFN,37
295,SHFBDMMSAWIMOWLFFUI,YNENPVBSFWVYMMANPWX,SHFBDMMSAWIMOWLFFUI@example.com,XVFXXPACRCTUBHUESYL,22
296,VPKRSHQAWIGMGVURIJR,AWBXEHEZDUEJDSSYHSE,VPKRSHQAWIGMGVURIJR@example.com,EPPCCQKKPMZUBVNOZDT,24
297,OEUQEXPBPOGDKQUJUQD,QZFOUBWNXFYOAOIMDUP,OEUQEXPBPOGDKQUJUQD@example.com,BIDUUAEXFZQBCVHQMHK,27
298,QMCECFLSJBHAZZMBCVH,UJIMOSAMUEDPNNFUHNU,QMCECFLSJBHAZZMBCVH@example.com,IGENKJXJAIJIMKZMWEP,9
299,APRWUGGSPWGVPBBTTXM,JCMZDLGGLCAYOHKCZPE,APRWUGGSPWGVPBBTTXM@example.com,FFEVMROWFVYQPLHZFYU,20
300,WYAOHBTQNWOAOGKQIXA,OBHSDMCFRCPZABFLZZU,WYAOHBTQNWOAOGKQIXA@example.com,QVSYJUOSDMGXXQMLOGW,42
301,GPPDLXRFYOVDNHWAKMT,RJSDWFEYLMBXTOJSQIP,GPPDLXRFYOVDNHWAKMT@example.com,MNGWVIWNAIPCDOWQTSH,35
302,RFCTSDIIDRUFSZNIGRL,PAQLZPOMOBPSFMVYFMO,RFCTSDIIDRUFSZNIGRL@example.com,XZITMGXVHHIIOQBMTHW,82
303,BRUJCYAWUTPKJLVZWXN,MNGMYCHYWXXCVLLYNDZ,BRUJCYAWUTPKJLVZWXN@example.com,JYRHSDYXWAHLEBIIFNR,63
304,DHPJKTRTQBPFOPYINLW,QTKWNCIXEPRZTERIYQD,DHPJKTRTQBPFOPYINLW@example.com,ITMCKFSRNWJBEHOSEEL,68
305,MAXAKYYTIRHSRHTBVGD,KGUHFSOBIREFTBVWCYD,MAXAKYYTIRHSRHTBVGD@example.com,RLHFWYWFQEHUCEMPHPQ,62
306,JTNGPPWSCMETNUQBFMY,RBNQTOVRYEBHXFLMBOU,JTNGPPWSCMETNUQBFMY@example.com,RKSPFUKWPIFIJCRYMCJ,56
307,BSPPTJCVCIIGVKRJURF,TCPBUHBBTNNYPNSIHVR,BSPPTJCVCIIGVKRJURF@example.com,SWBWQXDGBDZVECWMICH,68
308,VCUBMLFXMBFORYTWZPY,NWBIFQFBWMPNEIXOFBW,VCUBMLFXMBFORYTWZPY@example.com,NXCINGAYZVTNZNHTSQC,9
309,WOFZZPVPDKNXKTQEWFI,YKMFTWZHZHLXNBXAXBN,WOFZZPVPDKNXKTQEWFI@example.com,IQPPBKNLXJEWRTASBKT,63
310,BRBZHVYKOBOPVUCKEQI,XIPABAPZJYHMGGNJZGE,BRBZHVYKOBOPVUCKEQI@example.com,UWRKBCRTVCBJZMBWOZC,19
311,CKXIITSZLPUTVYCUYEF,XGJWEEXOMWXFCLUYZSH,CKXIITSZLPUTVYCUYEF@example.com,NUKGDZUOADHUEORKVTN,76
312,SBXMEQIYUVMFOQUOBPV,JLQAWXABZYZFDYNBLGV,SBXMEQIYUVMFOQUOBPV@example.com,QXULEFECVDVBMTASQGC,3
313,IPFMTJMSSDPYPXADVQH,ZOGESKGCXJNVKNFKSXE,IPFMTJMSSDPYPXADVQH@example.com,NNTDGBPJEUNOARDKTWJ,1
314,XOVHFJDDJFRPOKDPATJ,HBGMPGGSFYVFTXVTAHS,XOVHFJDDJFRPOKDPATJ@example.com,DSALYZEMHSXCVGKHQWB,53
315,IYEFVYJQASDVLIZFIDN,WQNTPWKITIAUFIRBYZM,IYEFVYJQASDVLIZFIDN@example.com,ABEEGODUOUNMXHDZHOI,84
316,OSLJMYZDMETCXQZOJFN,IHKYPFSDFKTFXOWNPVD,OSLJMYZDMETCXQZOJFN@example.com,TOKLSYLTUNYQLLGGXRA,61
317,JYVVOGMHODPMKZHPMBG,WXPMKJUIKYUPJATTCZS,JYVVOGMHODPMKZHPMBG@example.com,LIINDBALGSMJMHOFBFR,84
318,YSOVWUKLGBPDQFQWGEV,DBXGMWKEIYQQEQWWYMR,YSOVWUKLGBPDQFQWGEV@example.com,FJGUGGDXECZFCWNEQPN,28
319,PVEZXBXIWXSIHNWKYRX,ROPVSHYBPBFVFJTRLGF,PVEZXBXIWXSIHNWKYRX@example.com,YAMXEMDOBTQZRRHGUSU,10
320,DCHQHTNMGWVJPBYVERN,ZFZGGJVGYKPZBIBDAQA,DCHQHTNMGWVJPBYVERN@example.com,NLEDPPDXKHLATNJOGUE,52
321,DJCSJEBRRWKENSFQGVI,PDXGFSDGOKZHFIJBMGC,DJCSJEBRRWKENSFQGVI@example.com,EVFUAUEQAMGKFAGEIHR,22
322,OCZKYSIFRBQEOLQZZDV,JCTUDXIPCPIKNUKQFKA,OCZKYSIFRBQEOLQZZDV@example.com,TVPVPLRIMWTNAYJEYLK,77
323,AONZHAONXGWNZWEGDAE,GDKHNHAKRIFPAGBMUXE,AONZHAONXGWNZWEGDAE@example.com,VLGIGVCTAQDAMJZUPPA,14
324,LINJDOTWULGOMLJZEOZ,FYCSTXBXMKHWBVZLEOX,LINJDOTWULGOMLJZEOZ@example.com,JQXKCXDRNSHAZTNTZQQ,18
325,ORTJVTLYTZXYRKXPWWV,LZOMBMWXBYUYYQHQHJN,ORTJVTLYTZXYRKXPWWV@example.com,PRHNSDVFMNGSLMHUCXQ,51
326,SVFUBDHZWTRCXMFPCAX,HUFOCZIDXRTTUVZPVPY,SVFUBDHZWTRCXMFPCAX@example.com,SDBGTBSKEAOZEJOXXTL,80
327,PHRHKONZIGOVRMUGGPS,HYJGMPTHGNUPAWLATMQ,PHRHKONZIGOVRMUGGPS@example.com,ZTASUUENAGUZDNHFJFS,23
328,KQRTXJYGITELGPSYRXU,JYTVOJMMPBOXARBNLHB,KQRTXJYGITELGPSYRXU@example.com,DJBTRWUCYBNCLJOBMTL,78
329,WFHLYHQVDVZCQINJWMZ,MNHOTNBCITXBJGMUPTI,WFHLYHQVDVZCQINJWMZ@example.com,UOMOJKQJAHMGUWHTWAL,18
330,QUXYGPMXHMVPYFOJNFN,CSTKVWPEEVYMTAPGHBV,QUXYGPMXHMVPYFOJNFN@example.com,UHMLTLHOVQPEJBOBBZT,57
331,NTZEQFIWUZPXIZTHFIH,WUDDIHBJSVTQCERMUZL,NTZEQFIWUZPXIZTHFIH@example.com,NZAFMSEOIFXROYDNLZR,44
332,WGGRIKHYHBJYIJOUGVP,BTGKLQEEGCUVDTVYRHZ,WGGRIKHYHBJYIJOUGVP@example.com,FTNPKJISIJZQHGIIYDZ,66
333,URJZXMNXYYWCIONYBRZ,BDVJHIOASXMPIFDXEKX,URJZXMNXYYWCIONYBRZ@example.com,OWTFCDEKJQVPXYNQGMO,30
334,CNSTSQKJYVBNSMHMHFY,VDYQXPCKJURYZFTJVMY,CNSTSQKJYVBNSMHMHFY@example.com,EUMWONTUEEPCJYYOCSI,13
335,DYRVVPHBSKHYKZEAVDM,KWTJNFKFZHFZUFVDGCU,DYRVVPHBSKHYKZEAVDM@example.com,LZGJIXIUBTIPJZECKUS,10
336,AHARUBOXHNWMVFKGYRQ,ERKWAGETVBPLTWXOTRR,AHARUBOXHNWMVFKGYRQ@example.com,MDSIOVIGODSEOBFWNAI,59
337,HVVNOTWLHCQYBNDMXIT,YYVYWZGOPFCKUGFSELP,HVVNOTWLHCQYBNDMXIT@example.com,UZHDVCDJMFSFIKUHQPM,93
338,VTVJAPOQQBCSFBMAARY,GXAYBYEOLLLWXQUNCTC,VTVJAPOQQBCSFBMAARY@example.com,VPQVCJORLOLNYWRZHNB,27
339,PXAMZTDUSUKSUYXUJUJ,AQPSEEMPFPGKNYMKVCX,PXAMZTDUSUKSUYXUJUJ@example.com,RWBWXMIONFPTDQDWVAX,92
340,IURTKEDWXKZAJXXPMEJ,SLVNETJPHVOKKILXLJQ,IURTKEDWXKZAJXXPMEJ@example.com,SYHOQKGBANKDPBSBCXJ,76
341,HHRCVRPCZNOVANOQKOM,VWHGRDZGEQJXFBHUKNA,HHRCVRPCZNOVANOQKOM@example.com,BDCHGCFGKUFGCXFGPSF,92
342,OIVWYYBLKKQTGCEYROV,KHADZGBZVKGLMFAEVRT,OIVWYYBLKKQTGCEYROV@example.com,GQKMQMWHOENFTAHLSIS,83
343,MLHLYRZQJAJJKKQUMKU,FCVBUDFKWVOSJUZEOMO,MLHLYRZQJAJJKKQUMKU@example.com,OIYDGCPNIAGXTJOORFJ,67
344,UNFKHMAICRBBTRUWRWL,OMYAMQZZQNECNOTQWRY,UNFKHMAICRBBTRUWRWL@example.com,NLIHYNXGBZVIXZFNUAL,72
345,LFDDPJVIIBYYHHOXYSV,ULTAGCQNBJWXMBXACSZ,LFDDPJVIIBYYHHOXYSV@example.com,AYPDBNUILVZEOCXHXYW,89
346,YEAPHNDBQVXIZHURDHN,PIVHYGYJSCMFZFUVRRP,YEAPHNDBQVXIZHURDHN@example.com,HBQXWNUHUHCYWZXNITH,90
347,IOYSLEDLMLRAIIDAFQS,YWGTCNXXHVTYLOYBQJZ,IOYSLEDLMLRAIIDAFQS@example.com,UHXDCKURCZDLEUPZBZH,78
348,RSUAWTBPOCPULWHOHSH,HPNDHBTOOEEMVXZNPHA,RSUAWTBPOCPULWHOHSH@example.com,CKITBICZEKYMXLSARAD,80
349,GKLUCDCKTISAPWDXOEK,PWEWXBCHCBRSHOBRDOC,GKLUCDCKTISAPWDXOEK@example.com,XMKYQNQZIONDSYCJKWS,19
350,GCEPIMHMOWCNCZJSNFQ,QAQIOIXBZATWTNFYXTH,GCEPIMHMOWCNCZJSNFQ@example.com,FHGVHXDBUFAKPXEJHSB,68
351,RNVUHILDLARMYDWIHNL,MBMDVTFOHVAENQTOPDT,RNVUHILDLARMYDWIHNL@example.com,XHKFIJLDFNMYDYLMZYP,80
352,GYOWUKRSBQRAQPDRWQO,AKYNPSOGKPDWHBUUTFK,GYOWUKRSBQRAQPDRWQO@example.com,UGLOATUVOUHGBRPRSVG,2
353,PIRESVAQFOPLDCNRGGN,DKLWDPIGPNMPFALAZHX,PIRESVAQFOPLDCNRGGN@example.com,XEAMZGGPLHZNSNWMONO,86
354,HQJHHYTARQGQPVUWEMU,GSXVLMDOJQQBZDHRWKN,HQJHHYTARQGQPVUWEMU@example.com,FAKRRILIYBEBEEMFNCC,53
355,MFKYSLSNTMWOMMSCAMZ,XVMGWYYHRRSZPUHNHDX,MFKYSLSNTMWOMMSCAMZ@example.com,MILVFVETIBXPSGSXJOA,45
356,BTDHLKIFPTLQKYHWFWW,ISVPOLYFNTWUVPGQAGQ,BTDHLKIFPTLQKYHWFWW@example.com,BXSCMBGKZUEUCTBUIXI,84
357,CENZHXLYXSLUSOEAWFL,BWRHGGFTOMMGWLYEJEG,CENZHXLYXSLUSOEAWFL@example.com,VXQAVVVMAGGIIZXKDCH,20
358,LJUVSVXIEVBPKWJFAEQ,GOSECJNYFPHZRMVNUYF,LJUVSVXIEVBPKWJFAEQ@example.com,MNBZAFZTOJPIUQOJUIR,57
359,LLPDRUUDZUCKFFAHFXW,GJKFJLKBWDCHLUUUGRS,LLPDRUUDZUCKFFAHFXW@example.com,OSODVWJOGRYKAHIRKKL,32
360,UKOPCZGHAGXGIMTYIPP,VGVUSSUFWWSBYVCRCCD,UKOPCZGHAGXGIMTYIPP@example.com,UTZRUQZMOHEZNGZHIWE,26
361,CQEDTFOWQMFHEJZUMTS,WFWQRZUXJAZDYPMBEXB,CQEDTFOWQMFHEJZUMTS@example.com,MVFMEJOIHZOPLOXAGFH,61
362,AVOYEYGXCNENRIUMWKG,ANTUNTIEGSGJLVAXXPB,AVOYEYGXCNENRIUMWKG@example.com,MUAAVPNXPXUMVYBHERX,84
363,QUPRJTZWBYUJULTAKWG,VAXKQPQONHCDYQKOYTI,QUPRJTZWBYUJULTAKWG@example.com,AQKXKGMDTFZCXMRCGHG,92
364,JHDJTYCNFHDSRRDGMKM,OHWYPBEEHYHXHEDCRTV,JHDJTYCNFHDSRRDGMKM@example.com,VBPKHNBBWKJDHXMRXWU,12
365,RHOSNQSVPJQHHLRNICQ,UOFCLTGYNTZQAXACTSK,RHOSNQSVPJQHHLRNICQ@example.com,QGILEHUCTPLXPXVMBHE,72
366,GIHPDHPGBPGYSHNGXWH,FFSHHJFBWQDXOHYHGCN,GIHPDHPGBPGYSHNGXWH@example.com,JMCMIIQORHYEAHCDIVE,86
367,RYYGMKPFTZTNLXAXOEN,OPRWPLAUOKADVRVADLB,RYYGMKPFTZTNLXAXOEN@example.com,NXGKGJGDNYYMUTZYTWX,23
368,HYSVUEZMQODFGFSLGFY,JMLSXWPVUNWMCRDSQAP,HYSVUEZMQODFGFSLGFY@example.com,KEXRITMADKOJBJFAXVE,48
369,ZDJBIYJJUSIIURYENDC,GAPCHRNRDSMEQZRPYAJ,ZDJBIYJJUSIIURYENDC@example.com,TFFNYBBGVVSYDUPFMGL,21
370,VSBQIGEFXNXKYJOODGY,TLHFDVIUXZNIVRVOWDA,VSBQIGEFXNXKYJOODGY@example.com,PFJODCJIZBBOGJEWFJO,8
371,KBNCOSWZTSSXWEURGQD,FZNTJNAHMYRZSWAAEFW,KBNCOSWZTSSXWEURGQD@example.com,IMSZFGVIFYVVAATZIGD,70
372,VLAXLSPYMZLQGDUZNNP,TSFAHEUICNGUTKHOMHI,VLAXLSPYMZLQGDUZNNP@example.com,KJEZTJDXINDAYITNFFT,22
373,WHUVAODEBGFRYDDAEVV,UWSNVCGWQCRNXWSPRRV,WHUVAODEBGFRYDDAEVV@example.com,HQEGQNQOPWMGPKGDIEA,77
374,SVOBASIMTUZYYTEKFHV,HRYNUYAVJZMVLFFVUTZ,SVOBASIMTUZYYTEKFHV@example.com,QWBWXPURQBAEOKYGFZU,29
375,IBUCSDBQZJXNPDAWSNJ,DBAWIJQMVYWSPSGYMFP,IBUCSDBQZJXNPDAWSNJ@example.com,PMTSZMVQKIJXELSBJPU,2
376,QADDZPTSSZAMMNSHFAQ,SEWIWNQSJCEXEUTJVLR,QADDZPTSSZAMMNSHFAQ@example.com,PWIFRNITWPMXDWJFJBY,27
377,PERABIRQIKULAYSMILH,XPOYFONHBLUUOPVTBFE,PERABIRQIKULAYSMILH@example.com,IVKUHTGENSZLQESHQQD,92
378,SCFHXDKQXWPMNQKUPFH,NILAANQFORWHBZCGLSH,SCFHXDKQXWPMNQKUPFH@example.com,LITNRPRTIDHXFIMQPDE,70
379,ARTNEDFCFQSVPAAGNKM,CUBJBLRNZAUVEIJJPZX,ARTNEDFCFQSVPAAGNKM@example.com,LOPBZZOXHTKBVSHQERA,76
380,NRYQLQHLFRUUJABXUEA,WHOZLBRJJBQGSMNCCFK,NRYQLQHLFRUUJABXUEA@example.com,PDOPHXDZKVEMDUYPLMS,81
381,ZKQMZNINLHLMXXRPRTX,NXCUPMCSILINKXGSBQQ,ZKQMZNINLHLMXXRPRTX@example.com,VTFCRTLMOLYHHSGOQPL,22
382,WZEXBEXWVNRAHFVSRDA,UWZBDPQNUKCCHNHNRBF,WZEXBEXWVNRAHFVSRDA@example.com,YXWQKCKXLEFTUYGYYYV,95
383,ICFKQKZARNBDSSKMAXY,CZCMOBRSJRCNIUPSEBA,ICFKQKZARNBDSSKMAXY@example.com,TXVRFFHKPVTIOAKFXWU,34
384,ZAJKDQNZIWASUJBIUVO,ULIZEJEWPIXVQREASWP,ZAJKDQNZIWASUJBIUVO@example.com,DTBBSDYHBFXOUKVHLLC,42
385,FVHHSIXVOFNARCTICQG,KJYUNMLTSTQVDTLPEKX,FVHHSIXVOFNARCTICQG@example.com,IPMWRVIQMRCHNGWLACQ,57
386,ZDCGINDQDDZLKAYZCCS,NYIUXDMRIMBOMHWIGKK,ZDCGINDQDDZLKAYZCCS@example.com,WVLWHXUQYHKJNQRQUZZ,3
387,EPSTQFOJDFUFOAKOFYH,ZDMUAUPLYRKCHJLBLOH,EPSTQFOJDFUFOAKOFYH@example.com,MEWMZGVGFPMXHNLMVNF,89
388,QIUDSXCNANFUIBDMUWV,JVKWNGTPSKNYRELYNXN,QIUDSXCNANFUIBDMUWV@example.com,ONXWXQDWCIRJHGSXXHQ,53
389,VMUSVOENTHGVMEQKAMO,YWWUKZVGWWIDTZCVRFB,VMUSVOENTHGVMEQKAMO@example.com,DWMWWIPOOHAYXRUPADD,45
390,IMFIRPMGXNVHOQPTAEC,ZYTKTWTOVMEQFFJAKAP,IMFIRPMGXNVHOQPTAEC@example.com,KRFYPVHTGECWGFVGQAP,92
391,AGKHZVWSZAGRHLCAJGE,ZSAMOWWUWAEYCAVJAOF,AGKHZVWSZAGRHLCAJGE@example.com,XTHOZLCLUTPQEEBQQRP,53
392,NJLEDPQLDUBAQZWBZCG,HRVYWKSJJCPUSADENMN,NJLEDPQLDUBAQZWBZCG@example.com,VUBZJKLWCKCNXEANTNM,16
393,OAUABIANHGTJOVGQKIE,UKVWGZVPBYGZWXIKYWK,OAUABIANHGTJOVGQKIE@example.com,WVWBAHJAKNETRORMESU,45
394,OAZCMLNWIZZKGJEZKLS,UAXNUWTPMPRMPLGYUOE,OAZCMLNWIZZKGJEZKLS@example.com,OOSMTSHJVMQFHLTKOML,13
395,ODQXWQDQFDDXQZSOVWQ,TPMXBBCWYAACTROFCPZ,ODQXWQDQFDDXQZSOVWQ@example.com,DOZJNYKDQFBQJHQVXXP,52
396,PMHPYLQDOHBWRWVPZES,ECEHJZHFLWFLUYCFUQS,PMHPYLQDOHBWRWVPZES@example.com,JWQKKOIXXFOTADVJFGN,28
397,RBFNZHORAZZGREAKVMZ,BXFDURXCUMDBWEAVNPP,RBFNZHORAZZGREAKVMZ@example.com,KJJLHNUWIFCJOZUYKDT,68
398,FHJFTZODUSERMHUYKRA,MFUNAICWXSNKSPETMKC,FHJFTZODUSERMHUYKRA@example.com,NGTAQXVLBAJLAMONJGV,54
399,FYRQNSNNRIDZSWTPTDK,HNDRRKPTAOSUXIDCWWS,FYRQNSNNRIDZSWTPTDK@example.com,BHOBLGIYKHGCXBFVTZX,67
400,THUIKTNPOFTLGUJDDDR,DPMCTTNJLBOTLXOWTRS,THUIKTNPOFTLGUJDDDR@example.com,TWVIDKCFPLJXBUFQHPP,48
401,DYBEWIVMRJOCYJYBPMU,XLFZCGAKDFBFSOLZRFH,DYBEWIVMRJOCYJYBPMU@example.com,YTQSCNECPRPGXYRYWPT,96
402,XSBLQOKANDAFXJQNNYW,JPLNZRYXTFMQMDPDLGI,XSBLQOKANDAFXJQNNYW@example.com,XEHQBRKHSLPFIOZTICT,20
403,LEWGNDMWDIGDZMLWTIN,NBIHOEZNUSZQBCFUSPO,LEWGNDMWDIGDZMLWTIN@example.com,CYNWPDZNVVKGZPIWABF,15
404,IJBBSBRTUMUUKXUAVAC,YZWYUVJSCLIPBVNPWOR,IJBBSBRTUMUUKXUAVAC@example.com,GFMABOXNJRJHOUUNWNW,22
405,BMRZQDUHFAMVLJVPOHS,AHHZEJMVCXMKSBLQEZY,BMRZQDUHFAMVLJVPOHS@example.com,CBJSDPMXANLEITRKEKP,82
406,RTNCSFKNWXDQMCDBENE,MRJRCNQWJLHTLMKGEBI,RTNCSFKNWXDQMCDBENE@example.com,PSSHSVMKBRXXQGKTQSN,6
407,FEHUMMGLSVRRXFZCQAW,NFABFPOOELQDXLMUBVO,FEHUMMGLSVRRXFZCQAW@example.com,GCZTRSADJDBAXRIZPTE,81
408,SEKPYQVMGSNKTRDLVRK,MLFLDSKFKPXKKXNTASQ,SEKPYQVMGSNKTRDLVRK@example.com,ZWDFFTAIOHIGPKEOJUE,76
409,DOBOIMCRZKUCRSHKEKJ,SUJYZWKMSOLWVWJDARD,DOBOIMCRZKUCRSHKEKJ@example.com,PTOYPPIUQSDNKDLKQER,24
410,CEECGLUHBUUUCBMNLBI,UBFHZFXVPDYCJPIBUYT,CEECGLUHBUUUCBMNLBI@example.com,MSBNXVIQAWXJNTLGYKQ,8
411,TDBVCGRZWBXTQKDGEOY,NTHNXEDBHKEVWCZNZQC,TDBVCGRZWBXTQKDGEOY@example.com,RNJLYMGGBMBQQOVNYOA,91
412,LFUGSEOLEUOKPRSMBPF,VPRNOFDGBTSNFFASVZH,LFUGSEOLEUOKPRSMBPF@example.com,DVVAAQERMNVRDVOGXBI,36
413,MSWMYTAQKQSNAJKBHHT,PIUFPHLBMTSBNHLIEME,MSWMYTAQKQSNAJKBHHT@example.com,TQRQQVVADXVZSHNWDZX,21
414,XNNDFBYDSFINDEZJCBO,VRWSBMBATYQLFEGHENT,XNNDFBYDSFINDEZJCBO@example.com,EVILGOJTGLNVIVFPOXB,56
415,KIPZGONRAAJTTGWFXHV,VDIPPZFTYQWYEWUKGAX,KIPZGONRAAJTTGWFXHV@example.com,WYZHQCFNAJHJLPDZEFF,33
416,OMLLMUZMRUZMIUTMAMO,USYWOIRUQHTJLPUDVOV,OMLLMUZMRUZMIUTMAMO@example.com,QZVZYGWNHCCPDYKOVFT,9
417,ALTBHWMYIPUFXLVXIPE,KCAXTWGCXOPSKPIRCEI,ALTBHWMYIPUFXLVXIPE@example.com,YMKTCUUNKEXJRFDFJWX,45
418,UXRDAZREDYMGOTUWNVH,TWLFXRTNTXWGGOMLOPY,UXRDAZREDYMGOTUWNVH@example.com,TBRENJSEMLIZFISYWWR,36
419,DNBAVLOXKJYUYADPGOL,VAVWOCGFOGBQSTBSKBJ,DNBAVLOXKJYUYADPGOL@example.com,AQGBSLYNFPFASRFHBNY,52
420,FGEPKVRFJFXEWEKQJAZ,RFGOIPIWQSACVJKFKAT,FGEPKVRFJFXEWEKQJAZ@example.com,VUOYUNTZUHQLILHHYDM,24
421,RNSRDYDGJWHZKTOHWIW,WPVQLTAPZDXCFOFVWHG,RNSRDYDGJWHZKTOHWIW@example.com,IMCWPUNBWAJQGDBNUVQ,19
422,RKHXMFTVBVYXJGGOUKO,LCEYMLYEIWXQBCBHKLG,RKHXMFTVBVYXJGGOUKO@example.com,RLNODEIWSDZANZNQTZL,94
423,PXIKJZTYWDSFTEEPEYB,CPGKAYTIEGAPFYRJIGJ,PXIKJZTYWDSFTEEPEYB@example.com,XFUVZCAFFMHQTVJOBQQ,10
424,NZCVOGTTCSNASKHHUKP,NGBYFETGUOESQBZJPYH,NZCVOGTTCSNASKHHUKP@example.com,BGRAKPMZZIOWEJVNEOU,80
425,GSAUXGUACSODHWZPQZM,CGYKCJCQESCVASVRKIN,GSAUXGUACSODHWZPQZM@example.com,NQZXPITSDQRPJMEQMEY,41
426,VYUKUDYZSDAWTPGGNAZ,XRYTUIFVUZQVIEJYBGF,VYUKUDYZSDAWTPGGNAZ@example.com,CDALSAGJSOJZDAWQDBB,84
427,TEAMRKNHYDZKPZCJLPP,AFKOHZQNGRFEAWVTXDR,TEAMRKNHYDZKPZCJLPP@example.com,OPDNHMWUOCWIEZJASBU,60
428,EDLNBBEYKTKKPGWUKEN,BGEXXAWDJSFXBMJUPOB,EDLNBBEYKTKKPGWUKEN@example.com,MKENKPREJZMMEGOTKIE,78
429,LDNCMRPXASNUZUHTVHT,IURNMPEOALGYKBLZKZR,LDNCMRPXASNUZUHTVHT@example.com,WVGZVYJMNESHOMFBLSO,67
430,IYJMDOSBUSMQUACDHOI,SWEIBSWIWUERQBTVDCU,IYJMDOSBUSMQUACDHOI@example.com,BEFEOTBVURMVBCFEQMZ,56
431,ASGCSNESJCPOKRFCMJO,ALVONEXKCQUKSWATSRL,ASGCSNESJCPOKRFCMJO@example.com,MXLPJKXNBWCLHWFUELH,63
432,MRUJSIIEFVOFBGDGVLI,TULMCXNRGDNXQYDKUIX,MRUJSIIEFVOFBGDGVLI@example.com,UEIHXYVTSMLTBBQLIKJ,86
433,XOTNOUDLUPHPFJTNVPF,ONHIKIOJRFOALPEWBWU,XOTNOUDLUPHPFJTNVPF@example.com,HLSOJNFGVHTCMJJWPUD,20
434,YWBKMVAVNLOEKIANIGO,RFIJKTWZQAXXMCIYPDT,YWBKMVAVNLOEKIANIGO@example.com,UCXGMHUHHBHABKXIHFP,97
435,MGDJBKLJZLBEHEASDLB,LGKTBKEHQYIUXLXTMWD,MGDJBKLJZLBEHEASDLB@example.com,MHBRERISDYRJPVLRKNE,29
436,UMGPAYTBJMKKEAOAQQF,SPPSMBXQWEGHYJDVVCD,UMGPAYTBJMKKEAOAQQF@example.com,XPDPAZHDWACGWXRHXRU,36
437,GUMTNBVNIHZHRBYAAHO,JECRBURBYUBVMRGOAPE,GUMTNBVNIHZHRBYAAHO@example.com,MFRZNRRHRVQEBSUGCHD,24
438,BMDZEPTVUMFYEZANBGF,KNGPHPVATTRWXKTJSYR,BMDZEPTVUMFYEZANBGF@example.com,JUEVPEZRKCUYUTQPTOP,48
439,KJKMBNTQMATGRCLCOIH,JXKKKNXAAIILXBBWREZ,KJKMBNTQMATGRCLCOIH@example.com,NNAGMWRMYNYMGVSATBU,53
440,WLISSQDSGJCMIXEPCBQ,KJDBJABVDYNPZLIMTLJ,WLISSQDSGJCMIXEPCBQ@example.com,WTBGNSREJWBHOHVSWVZ,11
441,OKENMJIWJIEDWNHQEDF,LJAMJUSJFHPRICUWPGK,OKENMJIWJIEDWNHQEDF@example.com,LJPJRKJWHWHRCYSQLRO,48
442,BCTIFYZAPBSYDAWTOFC,FSMKDQLADDGCUAGBFEF,BCTIFYZAPBSYDAWTOFC@example.com,FXLKNQZTIMOTUMEBYPS,69
443,JNPVTLQHWJZJVGIWODH,BWAXMSHUOBJJSVHJARQ,JNPVTLQHWJZJVGIWODH@example.com,CNKSWGKPTEMERTDALGU,17
444,UCPNLPMNGVZLLCWLZKX,FZGIWOXPBCNMVICFERK,UCPNLPMNGVZLLCWLZKX@example.com,EGTNLJFWRQHFYLUTVTV,2
445,CGBRNTJKJMGYVQIFRIV,JHOXWRGXDIQHOWYQVRB,CGBRNTJKJMGYVQIFRIV@example.com,TLNKYZVLOPOQERYLLRA,97
446,BSBNMVRBXWKUAFYEIZF,XPKIWQHXYEJPDQWWSOS,BSBNMVRBXWKUAFYEIZF@example.com,OHYYRJUCZTDJQPAMZNV,79
447,QSHRVFVNVGNLMBGGNYY,KEYHKAXIFQHOJXPSDOP,QSHRVFVNVGNLMBGGNYY@example.com,PIHWBSBNWUKADTZCZOV,19
448,DBVAKXJYCTSEEKXTQHT,MHSHDYTUCKSUBQSEPET,DBVAKXJYCTSEEKXTQHT@example.com,ZRSBZBZVFKQMZFXYJRZ,22
449,PLSOPCCMKYDLIZUZCFV,GRLTSLHYGVGEEGCGNOO,PLSOPCCMKYDLIZUZCFV@example.com,TTHATRUOBAIVUHJKVDT,9
450,VXLZGZJJUZCPFCCFSVB,ZKIZAUYGUXMKBTNMWUW,VXLZGZJJUZCPFCCFSVB@example.com,ZXJRDPUTFHFGXBFYTBY,47
451,HXEFGWNPAWMDDNUOZLS,QQRNGUNDSENLYRGJRYA,HXEFGWNPAWMDDNUOZLS@example.com,RMDDRIKYTOPHZFYYWTX,96
452,URELMRTQYEGVJESIAJU,BLOHWPSBYHZKRZVINXF,URELMRTQYEGVJESIAJU@example.com,AITSYCFJLSFSZLOWUUM,49
453,ARHOPXHXNUHEJFHXZYH,ZIKZFCTRHIMAUJUYGUU,ARHOPXHXNUHEJFHXZYH@example.com,MBXVDLZBBSJZHGOBJYC,44
454,VJLRFGOBVHMLPIUTJBT,DOFOHIKTYBSSBGEEGJW,VJLRFGOBVHMLPIUTJBT@example.com,QXHCNXAOFNYSBPYJJBL,89
455,FMEDYYBMBIWSJDYAHJW,AAUQKPZDHEULEBBSJQK,FMEDYYBMBIWSJDYAHJW@example.com,LBWYLBXAPPTYEMTFOCP,44
456,RTZUQJNMWGWIWXQRDNW,DKKMZSCLGURONKXHGZS,RTZUQJNMWGWIWXQRDNW@example.com,EFHWGPZSLZZQXMYNKJP,2
457,MQVVRHGBZGAFWANRHYV,DLVBIVCSMXWGWTFKZGT,MQVVRHGBZGAFWANRHYV@example.com,VHDWMQXHHBQBCKNUTCO,37
458,YRILDVOZRTZRHYTOYXA,WTAURPDKZOSKEFXRRLM,YRILDVOZRTZRHYTOYXA@example.com,FLVVCTQFDCKCDSAYQOO,22
459,WBNRSJJCEPXFXAZTSID,MDDNKCAPUQRYTDXCRKV,WBNRSJJCEPXFXAZTSID@example.com,TJPFJPOSIFGWBYVNXLQ,73
460,RUUWIYVYKFAXWGRTRGB,HYRVSBDBRBIERAWKUYP,RUUWIYVYKFAXWGRTRGB@example.com,AEGVXOTMDPISQQVJWNJ,43
461,JGEKQDEWRMLKCUUHNHE,NNRFDRPKBKARITISZQK,JGEKQDEWRMLKCUUHNHE@example.com,BAKZBNVEVWCMHJBOVBN,75
462,QIWQAGZDIZQBLKRCVXJ,JEBFIXLVIBYWTZCXHRT,QIWQAGZDIZQBLKRCVXJ@example.com,WVVBSJGWERIOIFROZKV,12
463,OOTXMQUGWKRWRIDIVHB,LCXGCKBXEWZWGFLNGHF,OOTXMQUGWKRWRIDIVHB@example.com,MBJZAXWHNKQWTNBCODI,80
464,ZTMKMYASGCONLGORCXD,KOKZOXUBYZFTKVBVSQG,ZTMKMYASGCONLGORCXD@example.com,VQNUSVWIFGZDTCCMIKT,42
465,GCLHXCPGZAJISSGWHJK,THRZVSTNIBBFVVBBSGY,GCLHXCPGZAJISSGWHJK@example.com,YAVLZSRZKKNKXQDFOPC,77
466,KCLYIDTPMUFXRTQYOEH,LOWCQMWHIMGBJSKBMPS,KCLYIDTPMUFXRTQYOEH@example.com,UGUEMHDDMBVEDDAWLVY,93
467,XZBPMMCILYTUURIIRBU,MFLNKZVDFVIBCRSDMUQ,XZBPMMCILYTUURIIRBU@example.com,ECRLIVHTWYQSAKRDRYX,94
468,LTEUJRYIDALXHLLBTAI,QUKCQBWNWJDEMBOGZRM,LTEUJRYIDALXHLLBTAI@example.com,HDEXHUULQRXBBHYQWKW,40
469,ODJPCZWBFNWOHABVIBZ,TWTOKYPHIWMBKYTNPLB,ODJPCZWBFNWOHABVIBZ@example.com,YAYDTXPKWEXPHMNIRJA,33
470,BQSHYMRRLUARQDVVWEA,GDWFJIEKIGAGUGPWBOC,BQSHYMRRLUARQDVVWEA@example.com,TFTGVTZIYATRVDRXWIX,73
471,KWJHGGDXBPDQHYVZLFH,GEWSRFLRDWFZMFHBEEJ,KWJHGGDXBPDQHYVZLFH@example.com,BVSYUWPINAEXANCHDKR,13
472,QMRBSEXNCGBOYUBZUVX,EXOKSGRWDUAHRAVKBSD,QMRBSEXNCGBOYUBZUVX@example.com,ZHURJHNOANFDAYGHORQ,5
473,WSDJTGLGVTOGDPHRGZT,FJXKCBORSQTQNUTUHHC,WSDJTGLGVTOGDPHRGZT@example.com,LXWQXPPSQSAHIMLSUAK,76
474,TBOTINDHJNCSMWCSYQZ,KQYASPGICSLHROCLLNZ,TBOTINDHJNCSMWCSYQZ@example.com,MVWCZNOXBTAJSQZLLZZ,67
475,OQGPPXKJNZQTQFTMQDX,YSAJOOZYPNTCEQZUIEI,OQGPPXKJNZQTQFTMQDX@example.com,UOAILMEIWYJJBLPKRVV,0
476,MCODCDHEVCAERDZKKVO,LAEUPQPMRFOBENQAZAI,MCODCDHEVCAERDZKKVO@example.com,RGCSNEODYGKEEXAKQCF,50
477,STSYOPMWACPBYSROEAJ,WAFWUZDBGTKVSHPLPJU,STSYOPMWACPBYSROEAJ@example.com,FYGTYIUBBRGITPJCRFO,41
478,XGTEJLAFCINJXGAXMBF,WJELMXTFSYJLYEYHRLJ,XGTEJLAFCINJXGAXMBF@example.com,NGJCHQJWUPPORLBXFDD,44
479,XRFCSWRDESTASNSPHWV,KWEVAWBIQKLKWXMAOSR,XRFCSWRDESTASNSPHWV@example.com,RHQAQMCNZTRMMGNVXZA,54
480,ZOZHIPANYXTOYDPVBND,TCVUNVGMJSXREMFSXFN,ZOZHIPANYXTOYDPVBND@example.com,ILUGRQNMMYTDDMQQSWM,53
481,YKQYPOCUBEKZBCFXHYN,OVZZLLBUMZJHPVLYEVP,YKQYPOCUBEKZBCFXHYN@example.com,QNPVHVMNRZJRYNEHNHE,26
482,XUEEXAFGBJQNQNZFKJL,JEDFHJOXYJSHUDSTKOA,XUEEXAFGBJQNQNZFKJL@example.com,MVFNQRIWBVFQACIHAKB,80
483,RHYRSENQRRCPFHXRHZP,IHKRIMSHDKHGHNFHZVL,RHYRSENQRRCPFHXRHZP@example.com,FAACXHBLAKAIAXAFPVW,92
484,LDSAREHWMVWEAMQKWAC,FKKVMWZGWNFJUKHKGMR,LDSAREHWMVWEAMQKWAC@example.com,LFPTTITCSNZIUUREIYI,65
485,NYKNJBSKIMEABCLODGE,UIFFJLEAIBZSVJWTFYQ,NYKNJBSKIMEABCLODGE@example.com,DGVNWPUAUPWZEWLHNQA,82
486,SITXQCBJMFUSGZHYCWG,ZASCINFDXYVAOIANQJH,SITXQCBJMFUSGZHYCWG@example.com,UGGYLOCRWJJDXMZOFLM,19
487,MGCCPLVMZBOESIXWKNI,SLTWWOQUDEVMGZZJBTO,MGCCPLVMZBOESIXWKNI@example.com,BXBEVRLGMBEIQUBULHW,42
488,YTXVVOKJCMOECNPOFUJ,YENQASXEZQVFZXBYAQD,YTXVVOKJCMOECNPOFUJ@example.com,JNAXMWVDYAZBXTJANNH,15
489,IUBWTVNFQVWBTCMKKSP,SVPVNJJIVHGSALSMDZF,IUBWTVNFQVWBTCMKKSP@example.com,AMKHRSMJOUJJAOGWLMZ,74
490,KNEGBXHAHLRPFAOPKDO,LZZDHVXRYWZORNMESLU,KNEGBXHAHLRPFAOPKDO@example.com,HKIZDMYKGPWYKIUVGKP,97
491,QETIYTLDYLFEADVUZMT,QZWBNIFLMHLCKUVXUAC,QETIYTLDYLFEADVUZMT@example.com,DCBKWGOZCCSSPWNJFIL,26
492,AKSDHHNRZHNAADTEKKP,TUOLHZUUTJJRRIRXKHK,AKSDHHNRZHNAADTEKKP@example.com,JJBAQQBUKFJUJRMXGVV,54
493,LDACALURNYAONMFDDQJ,TTCEBLOVDTLBXQYHLVR,LDACALURNYAONMFDDQJ@example.com,XUMOIVSLGDSFYMKTIEW,75
494,TPWFYQDJJUSHTBYSWQK,PNUDVOPPQGFENRNSCCJ,TPWFYQDJJUSHTBYSWQK@example.com,ZPIHVVEASXLXDDXFWEQ,95
495,MYULFJDXDOTZEHKRPKS,IBTCAVEKCFMPYKIVKRZ,MYULFJDXDOTZEHKRPKS@example.com,IVJQXQWTKITIMGTOIYY,69
496,GDUTVSCMTAPWBITHNEY,SPGQKHGWHDFEOPQBUFB,GDUTVSCMTAPWBITHNEY@example.com,UIFDFOOACYQLBXBTRLU,44
497,ILTSPEDPQICHSLIXBAS,WQACFRVDLNIKRKKFJLF,ILTSPEDPQICHSLIXBAS@example.com,MOUGAUYXIUGORNZTCFQ,33
498,YGVYBYYIKHGNTDEUCWN,HCPWFULEGDDWCCSOARF,YGVYBYYIKHGNTDEUCWN@example.com,AEKYKNNVJNVWKLWQCSE,12
499,DNRASRDCTNKDPWEKIMP,MPEZPGVFIZWVSANBFSM,DNRASRDCTNKDPWEKIMP@example.com,KUWHOUBBJEHQNOEKFBK,13
500,ASQOQBXAZYIWBQJRACV,UZLPQWNXAVBTJPALSGY,ASQOQBXAZYIWBQJRACV@example.com,VRENHICSIITBNWDTYMM,95
501,IWGDOMNGSXNMBTBCHJL,UARZXRKKPNRAORLVRCV,IWGDOMNGSXNMBTBCHJL@example.com,TZFENBNAQHVGLMADTOU,27
502,YZYZHKBZYNGQFIYOVSZ,DCMWOYOWZGEQUJSNXHF,YZYZHKBZYNGQFIYOVSZ@example.com,XNISEWGXFOVRNYTPDIL,80
503,YIEIMFOWUSPQFLRQODD,VGZRQUYERAPLEGXESSX,YIEIMFOWUSPQFLRQODD@example.com,UCUBDNFCEGRZWOMSFLK,77
504,ACCNTHTHWDKZYBQXGLT,RUHFRLMKAAKVQVGQNNT,ACCNTHTHWDKZYBQXGLT@example.com,JQRKTORBQKNZPZJFOWX,49
505,YYMPWQAVCNZBMXWLLDD,XSFGFCZITNIXNCMYZWS,YYMPWQAVCNZBMXWLLDD@example.com,MTYDBUNTVSEHCZIHMZX,41
506,MKUKWQZTNENDPATIDHL,XHCBRTSXLESWWPJYQTI,MKUKWQZTNENDPATIDHL@example.com,LOEBHPIEXDHRGCPOCHD,68
507,MAITNVWRPOQNMCRRBTK,MLIHAIODSFEEDJXZEFX,MAITNVWRPOQNMCRRBTK@example.com,SQVTFELIKAFBLSRSTRX,4
508,HTXCHBSHLIARRFBVZBW,VNULAOJVTXGFMWNIGJU,HTXCHBSHLIARRFBVZBW@example.com,JLNVCYGWPGHBPIIHROR,36
509,YUKKGFPWTWWAZAMPSJI,FBIXRZPBTSMRNOTVTYZ,YUKKGFPWTWWAZAMPSJI@example.com,XOYVBTICUWQFRAOYQPM,33
510,JVBPDEXHLWBTFRJEAIW,IEOOPPDQMFZPFFPCLXW,JVBPDEXHLWBTFRJEAIW@example.com,ZNWGJCZHXPEPWZJDTPP,16
511,FRCWQQOJLFIYNEUTMBZ,UONEGRUTMNIGFIJUOPH,FRCWQQOJLFIYNEUTMBZ@example.com,IVSHPKCVUUIJCVTSUTL,82
512,EHXRLGVHKAZVXFQGAVY,IHFDETISTLIICKRVFCO,EHXRLGVHKAZVXFQGAVY@example.com,NUUGARYVTIVLNQVBAFC,54
513,ZGEBIPDBLXLPWJKNSOM,DHMJUXJXAYMSWZCDENW,ZGEBIPDBLXLPWJKNSOM@example.com,PBEUWKULDRURMTPRPSZ,86
514,KLYMAIEATHHMYTUPDWY,AMOUGJTESWRCVUBWRGW,KLYMAIEATHHMYTUPDWY@example.com,CBDYSNOZUMSFEFISQEL,96
515,WQTDLLSBOQZPKKTKQYR,DOOLHXCVYRUEORJQMRB,WQTDLLSBOQZPKKTKQYR@example.com,ZSTOAOONCJRQNSKTIHF,68
516,YGSTXMYANUFXNGDNHHI,HYTVQUFNSBXSDELRWTL,YGSTXMYANUFXNGDNHHI@example.com,XXLKKOFOYUJDRRWWFPM,54
517,VLPYHMDOEOSWCRTYRCS,RTNDKQIPGKBKUAQZUUS,VLPYHMDOEOSWCRTYRCS@example.com,AXYKROPCVKXQWXQLNUJ,72
518,BLSJVTDROWZGLTNQHHJ,NCIMYZNQODFITTHXDGD,BLSJVTDROWZGLTNQHHJ@example.com,MDQKDFBDVNCWTDFACVA,75
519,DPYZHTXHSGPIXWRUPNL,GOBCEZUQOOYQBHZNGWE,DPYZHTXHSGPIXWRUPNL@example.com,SDNUCBVCIWGHNXLKYBV,13
520,UWGMKSZHNQYJBJGQSWC,FAYMYHKCFHKBOCJKEBU,UWGMKSZHNQYJBJGQSWC@example.com,PSOGKGEFLHAUXEMFJJK,2
521,LLKNYSQVNCDAUGQOSMA,DVMYRQTCVXJOHEGAQUN,LLKNYSQVNCDAUGQOSMA@example.com,EIVZKGYMLZENMJNMVER,70
522,RFIRHFXOTZTMXOPZVDV,XXIBFUHVDGJFTYQMETA,RFIRHFXOTZTMXOPZVDV@example.com,VCZLYCYNHRVJQEUFJZG,35
523,ZKFEWXJILZFIXWTUAGC,FRRIOBNCSCMOADYBISW,ZKFEWXJILZFIXWTUAGC@example.com,TVNVKFYHCLJFEWAGVAC,76
524,DUTYXWAETWMZEZUYQXW,WSHDBACSVHRRJRIXBZW,DUTYXWAETWMZEZUYQXW@example.com,RUPILAEQITBAFUKGNBU,91
525,DMECXIMIZOSVCCAZHAE,XBHJNKQDEXBBUWIFBHG,DMECXIMIZOSVCCAZHAE@example.com,EHZPFLLERVSOUWPTOEZ,7
526,BFZMAXFFCLVDPTTPJEW,SYWYLSPRYMECCPVRIDF,BFZMAXFFCLVDPTTPJEW@example.com,EKASDUCWRVYBSPVAFAG,92
527,MVFSUVWNUSTXYPAZCJW,KBWWRTRDNWOVJQRDFVR,MVFSUVWNUSTXYPAZCJW@example.com,GGVTRPKJOGOOFDLJQUT,67
528,FPSMCALOKASMQEEJVBQ,NDHNEKLRBOPZTEKRODT,FPSMCALOKASMQEEJVBQ@example.com,SDMXLNBODJEYQUETASU,4
529,TRASENKCJNRIROLFIKT,CYLXEATNOZCFHDBCHKT,TRASENKCJNRIROLFIKT@example.com,JDNIDBORNFOVUASQIIA,42
530,YZGEEKASXGXZNYRMNSF,JDXRKLYPSBSQOTIGLDA,YZGEEKASXGXZNYRMNSF@example.com,HFMRHAPNJIAORPMWIST,36
531,FATNURYCSNZCJFHCQDL,QIFQNPJTQRDTYFNRFQJ,FATNURYCSNZCJFHCQDL@example.com,NDHXNCABKNAPVNIOYNH,31
532,CTUQLRKIEQOHYPCIPYD,UJTNUQOXNPCXAJJICOL,CTUQLRKIEQOHYPCIPYD@example.com,AWFXYKLGCLMJUPNSHRY,44
533,INVUPEVHRDDPJRUSHLO,OQTZMPYUWQDAGAMBCAS,INVUPEVHRDDPJRUSHLO@example.com,RPHFOQUOXUWTPORHALW,70
534,WRWXPAWCMBVMUISZYMN,VHNLYIVOKDXSNSFUYRL,WRWXPAWCMBVMUISZYMN@example.com,ZYEFZQKPFAHXCDHOKAD,21
535,LGHGQKJYZURHEDTNNHL,QPCETXOPLSUNFUMJCJB,LGHGQKJYZURHEDTNNHL@example.com,DEBMGIETATIKFNIDVKZ,41
536,IOHAFVRLITCXCQUYNQU,GWVZZOCSUPBHBDZHNAN,IOHAFVRLITCXCQUYNQU@example.com,ZGTVMLXNPTUPJFUDLYM,19
537,LTBGJEUSMGIHJIGEZXS,PWPPFPGTNPUZCWBVDJB,LTBGJEUSMGIHJIGEZXS@example.com,KMLUJVZWDAJEBZNBXMI,22
538,VPXPPXQVIGRQSCPEGCF,TBOGWWZSAHJUBKGTWAF,VPXPPXQVIGRQSCPEGCF@example.com,JGTHGAMSKUMSDQZWZCK,87
539,GVJSYRZQKEPELNFCCFE,JABNWYUXJAGOZWBCCXO,GVJSYRZQKEPELNFCCFE@example.com,FEWUHWAQGHRSXTDEQFG,7
540,WWNTYXOYLUFGYLNJDZR,EAIKIFWCQOLVAVRVEMA,WWNTYXOYLUFGYLNJDZR@example.com,ETSNMQFJORDXMFMTIQU,64
541,UBIESSMEZTWOYVGCKRX,MHBHYDPBRVXWNTVYKOE,UBIESSMEZTWOYVGCKRX@example.com,YIVIHQFFIZKCKQATSSN,33
542,BERFYQBGMRZLMSXCVXK,ZIFMPPZOOTNPSZPBVEV,BERFYQBGMRZLMSXCVXK@example.com,CKJYDCOQGZAHLLHLOHN,6
543,UMCYVPULTXDHUMIYMOX,HIEZCWZETJRUBCKGLXB,UMCYVPULTXDHUMIYMOX@example.com,IXTGYPAPUHQFGNPCOEV,29
544,BCCQNPCLWGNSQARMFTX,LDSPOZMTSILZGQSTLGY,BCCQNPCLWGNSQARMFTX@example.com,CZSLPYNAYKVGPFORHKO,98
545,TFCCCKANGUEVFDHWXYJ,OLLHVIZJEUSUJMQSNIQ,TFCCCKANGUEVFDHWXYJ@example.com,OBMIMUHJANROTJEFXDB,67
546,WROTKDMADNOOJEHVKOY,SZWDHATVMOVIVTSNEPG,WROTKDMADNOOJEHVKOY@example.com,LCWWOIWBZMNNNAJWTES,5
547,GTFXFLXCIKTLLSMHZOL,KIDZAGAHNXUPZGWKQTS,GTFXFLXCIKTLLSMHZOL@example.com,SPCHKGHJFKECGILRVVW,97
548,XSWGYRRAEOYUCOJWCIR,ZRPATKYHTONXQKDPAEZ,XSWGYRRAEOYUCOJWCIR@example.com,LGJFXSOETLXQXOTLHMS,18
549,OKEAXWOHOFOOFDULQNH,PHXBGUJMOJEYKAJOQFI,OKEAXWOHOFOOFDULQNH@example.com,IAXRMKUMOSJHLZDAUUF,39
550,TTAHHOFUBFZPVFPBQCK,AVMXGZCVRWJOGEQLKGQ,TTAHHOFUBFZPVFPBQCK@example.com,CUFPIBZGIJWRJQEVKOS,34
551,KLPAVOTALKHLLIDYIZZ,GOGANAWHEETYQYKMPPK,KLPAVOTALKHLLIDYIZZ@example.com,EJFIQXAHSSFOJHUVSAH,11
552,FTEWERHLUDKURTTFMLU,KQAQVCCCOGWINZZHHBJ,FTEWERHLUDKURTTFMLU@example.com,AKKYAZAGIFIHAIGOJTB,27
553,EQSHXSHDKRLFPAOAVSN,GGRLEGWPSEDMOVPGIRN,EQSHXSHDKRLFPAOAVSN@example.com,OBLWAFRHPRKKWCHPAEY,99
554,ZKAKSDBUAKHNDLECJFQ,YJDSGBAWMPAUMMSPMQY,ZKAKSDBUAKHNDLECJFQ@example.com,DFAFZMUSDEDLICWQNBX,76
555,RSUQJJDMJEWVPPEENSY,RWVPJYQUSZEBRQGOTID,RSUQJJDMJEWVPPEENSY@example.com,JIVNLSXBFVRMAOUZTNO,89
556,IGINQFHXUHMVFCICYSC,CSWSECKZAXYNTEYPDYL,IGINQFHXUHMVFCICYSC@example.com,JSLNEETJGJBXOPKLIVR,51
557,RTDCDPIIFLNGRQTHWRT,DTUKTTNFOXYVXWSAHGB,RTDCDPIIFLNGRQTHWRT@example.com,VSDWKYDVCVADJHTNKYG,88
558,PHYILGFAIHZXQWERCCR,YUXGNXOGAIWUHVPMOOI,PHYILGFAIHZXQWERCCR@example.com,QSRHCGLCNRIIDXBJADZ,7
559,QAHVMYSUVFKTZROSFRR,CZXOTOYZXBGZPPTYLLZ,QAHVMYSUVFKTZROSFRR@example.com,EJVAUBZAFBYTZLBRYPZ,24
560,NRGYBSXQRJSFCBRIOMR,UXFKVLIMSSYKYKIYSRX,NRGYBSXQRJSFCBRIOMR@example.com,USWLIHBWLHPPJEVSSHL,51
561,ACEOZAHWXSSDGEQWKUH,MLYKCHIXTYLUVNSSNOE,ACEOZAHWXSSDGEQWKUH@example.com,OXZEZYQVANNDDNZQOXE,3
562,UKAPVSYCSFUZYTJYJPD,IMMBSKPEEFQEZRDLKBW,UKAPVSYCSFUZYTJYJPD@example.com,JWKYTPLYMDIMBOLPCYU,39
563,NZRVXEPYDYNBWYQTHZO,SNBUVSHAWEKGVCQDAZB,NZRVXEPYDYNBWYQTHZO@example.com,CHKTJRKLZMPRYFGUQQF,86
564,ZBMPSRVAORNNWCPPBDH,TILLFTHRWTUMBVNVWFH,ZBMPSRVAORNNWCPPBDH@example.com,QVVJSIWBQTKZHIYMWMS,47
565,YCSDTBIWZMANQQOAESD,TTBFGXBZDDLPFDDTMEE,YCSDTBIWZMANQQOAESD@example.com,BRWOVJRQKNZQYCHAQXK,44
566,LEFMXWGWCBMGBQUVRHR,EYUPURXJGWCWCFDMFTJ,LEFMXWGWCBMGBQUVRHR@example.com,XSDHIHYOVEFPHFEQFDI,29
567,IGCDTAQAAPXQXBJWISN,RMLDZAESOWWREYLUCPC,IGCDTAQAAPXQXBJWISN@example.com,PPFAGTLZTOIHJESNDSS,90
568,PQIKQOBCXFKAKXITXFX,TQSUUOTXDJSJAUPBIBY,PQIKQOBCXFKAKXITXFX@example.com,VKGFFTBGUJSPXFZFBNU,71
569,VGBMAPZNBNXLECBDPDO,GMXOLIQCNVXPIRJDBFP,VGBMAPZNBNXLECBDPDO@example.com,FKHIJJTDHDCDDVSSXQC,15
570,BTYDWLNNFCUNNHZLKDK,BLEMAYXLGSOFVSXWADW,BTYDWLNNFCUNNHZLKDK@example.com,RZLMFOGAHXWXPVDOCPX,88
571,ZYCJKTXBLVAPAZFHLJU,ZWFEBSTHPYFAIKSJLHY,ZYCJKTXBLVAPAZFHLJU@example.com,FDQWEOMUSQDVFYMWKTI,71
572,WFGLBAVLSWKZLNATEJS,LRCVBZNGLTFCIDYDKBU,WFGLBAVLSWKZLNATEJS@example.com,GNKGWMNTERYNOZHFJKS,27
573,WFIXUZLBBTJCHVRILAZ,DWAENWEQMLCQAYFXBOS,WFIXUZLBBTJCHVRILAZ@example.com,IQPMUQUYDQASVLMHVPP,54
574,HPAWUDZCBASXWMNOQCW,NCLRFMQRBWUNDYSCTRA,HPAWUDZCBASXWMNOQCW@example.com,VTEGVVJCNUTCGNUAUCI,10
575,BPAWJHQVDOAYLYPSNIL,MEXWIGCFDWUNGSOOXFD,BPAWJHQVDOAYLYPSNIL@example.com,ABOCZHZWRXWREKUMUQU,5
576,JAXGMXDKWXXBUGCIKJV,EKHPNGUBSGZAGMTWUAL,JAXGMXDKWXXBUGCIKJV@example.com,ICQWIUJDTDCCQDPQKHH,68
577,MYCDZHQUZJFWPOPKIVB,HRGWLKEFLUILBRDKRUH,MYCDZHQUZJFWPOPKIVB@example.com,NECJINTPCWVJBOJQHWP,28
578,AHQNBSGSUIZHBGEASPZ,XGAPRQWPNDYAKTILJOZ,AHQNBSGSUIZHBGEASPZ@example.com,ADOGMZAKJRPMRRBLTAY,37
579,JGIEAQNVDMHZNVKDTBT,PDRLHVAZSELSTHECGAX,JGIEAQNVDMHZNVKDTBT@example.com,ACILKOQTKSLUZBBOFQJ,6
580,UNGKLZMKPSTOCJIBIEN,MCGAQTSPIQHKZWKTQVY,UNGKLZMKPSTOCJIBIEN@example.com,LBLWWWEGFXTFOZANGOD,44
581,LABCMYBJVZSEOSOUIQT,FLGXLSATIKUFMWCXTFL,LABCMYBJVZSEOSOUIQT@example.com,DELTFWVOUDGXGMYVOXH,54
582,MJWEKEEZUKYJEMQLOMC,RLMVYDVRRVFAPMKRPVB,MJWEKEEZUKYJEMQLOMC@example.com,SXOSNDSHWWBMEGUVROZ,55
583,LXEIVWXJUAOFCMYBLSO,NTQKGPEUJECXOCIDHGZ,LXEIVWXJUAOFCMYBLSO@example.com,LAENUJMIRIMHPKXNQOX,42
584,KIMWBJQYFEAFRFNSOVH,BNGORGOTCJALJOOCFAV,KIMWBJQYFEAFRFNSOVH@example.com,IWFRHZWYPEKZPWZHABB,75
585,VFSTSSGDUQYYUFJEHYH,SURVKPCKLISOHJTINGW,VFSTSSGDUQYYUFJEHYH@example.com,NXOWCYMGWPPHOLZUGZR,84
586,SCHSIECSITJKIGYEZDD,OPZTWRFRCXKDEQOZQOW,SCHSIECSITJKIGYEZDD@example.com,LWQGKDSXGLFBDDCBDMA,42
587,JIZCMVBMQZVTAXMGHTZ,EVIYPAYPPCDLEBLZPAQ,JIZCMVBMQZVTAXMGHTZ@example.com,JSNEHYTHWXEDNKUXFVR,23
588,BYIFCVAGTBBIENUMQRT,FGRNUCOANNHGDRSWZOX,BYIFCVAGTBBIENUMQRT@example.com,GOFWJSHTFKUQEYAIHZI,48
589,XRXRSOCXSAYTDZGULGI,ZLZPTQMJZDRJGLEODVN,XRXRSOCXSAYTDZGULGI@example.com,XTCZNOMQLFQLZFCVBYD,56
590,SYPPHFVHMPBTAMDFTUH,YJDQPQASTDCUWWHNMKO,SYPPHFVHMPBTAMDFTUH@example.com,JHPVHVTZHGZOUMOWPRK,28
591,STMINYXGPEGDJFIJPYD,SDSAUXDAASTPGVFJOWE,STMINYXGPEGDJFIJPYD@example.com,TNMCOJQKOPYUTMLBMYJ,10
592,BOTWCULUUVHSNYUPDQK,KKASGHCFOFGPKWYSNWH,BOTWCULUUVHSNYUPDQK@example.com,SHCXQXCDRWCQGOSWJCC,96
593,KLQCXLDUMWLPWGPEMJH,OGAFBIEIHSLVQYOWZVK,KLQCXLDUMWLPWGPEMJH@example.com,UERDEKHTKAMMRTOQINK,0
594,ODVVWYXVZNPNOQJJYMH,XKBBKKDXRYATXCESKOW,ODVVWYXVZNPNOQJJYMH@example.com,KDEDOQRFPMDDYGLHDEK,36
595,VMWKBAAMPKQZLEWMLSY,YAPQJBFMZILOVDKZYCH,VMWKBAAMPKQZLEWMLSY@example.com,MLPWMMGBYWECGPGLWUT,24
596,PZHALHPHTCJFAMFEVRA,OUNRLJDBPJJLHXWYIHK,PZHALHPHTCJFAMFEVRA@example.com,FECJGGOVLQKJWCARSGQ,12
597,ZWYYLCLDTHTYXKGGBJL,EPFZSMIBGIZMSOXETIV,ZWYYLCLDTHTYXKGGBJL@example.com,HODRAKECZLHOWJWHQMW,15
598,WBFUGPVRNOADQHEZUCN,RZSNCEKCFWDOCOVPBIJ,WBFUGPVRNOADQHEZUCN@example.com,HXFPNJVBRJXTYKUBDUX,55
599,ZWKBKSBEZFEGMJDEGOS,FISMTDMGMNJDGWZTZSA,ZWKBKSBEZFEGMJDEGOS@example.com,GZVNNAAEODVGCDLRSLQ,19
600,BQPATJRFZDIWKUCWMEJ,XYCMECUFFSZWKCTFREG,BQPATJRFZDIWKUCWMEJ@example.com,YMQOBBZVVNVSYTAEJZE,14
601,ETRTBAATDXQQSDONMWJ,MPOJTKTXFVWWTITJVLC,ETRTBAATDXQQSDONMWJ@example.com,CMFIYNDNVOIGTACPNQL,0
602,IZXGBNSQKGRRYMQTZHB,DBPTGMJUXLADVLWFDWQ,IZXGBNSQKGRRYMQTZHB@example.com,XQPIGUONBGXOLJCKHXK,20
603,BWAMSEQGHYWGVSNYSOH,TXGRYKPKNXSYXCDZALI,BWAMSEQGHYWGVSNYSOH@example.com,VNNLGVEEAVREUWSSCTK,43
604,PJSMHNCXONUXIHQAWVC,BBBWDCYBECDBLWZPUNQ,PJSMHNCXONUXIHQAWVC@example.com,WFYCNMDPISQZDCLINDD,60
605,AXGRICMNCGXICKQJFDP,WTZNPWDWYMJKKJZNDTK,AXGRICMNCGXICKQJFDP@example.com,QGNNMJBHEBFWJMULASM,91
606,NXDAWZZVTJUSYEUIOLB,ZCQJTMOCGBRTOJDNBPU,NXDAWZZVTJUSYEUIOLB@example.com,OXYSDYQXJKGXMKRMLRO,8
607,VLRIHVQWHBQQMIJBBSB,BYQDJVBURCUTMDYBJCE,VLRIHVQWHBQQMIJBBSB@example.com,TRHLTSXLRXNPUXNEJDC,5
608,ANKASOPYVXZYNIRGIOC,TDTRYUNQZPANFYBVDWX,ANKASOPYVXZYNIRGIOC@example.com,RDADDQSTVAWHCJCDPNS,4
609,XHPKIMEDHQYXLCFPOBW,YKELRJHMBZAEGQXUIGV,XHPKIMEDHQYXLCFPOBW@example.com,YCBUINNQCAQCUBKBLBL,46
610,JSCKWYZNPTKPZDYYCEU,UHENBBKFWKFQWKAEDLO,JSCKWYZNPTKPZDYYCEU@example.com,UGSPKOMSMRMILDXDCFC,67
611,AATUZYQCHWYOAZALEJL,THFSAYUNFDYVLMMJCRC,AATUZYQCHWYOAZALEJL@example.com,BNWOJWSHFXWAXQBEUBP,35
612,GCITLAZVYCRPUQXYLOK,TEMFZDVFXKSSTSLOKNJ,GCITLAZVYCRPUQXYLOK@example.com,HCCQOOUGHTMVIDQQYFV,33
613,BESQMAKUVCXFHYRZFBN,TNMZZDSDEZBZINSWDAS,BESQMAKUVCXFHYRZFBN@example.com,PSUCOGTPMZDNZECAXDH,76
614,MHOWAIKSCEUQDTYKIUH,SBDFMBLQZCPQNWGDLPQ,MHOWAIKSCEUQDTYKIUH@example.com,DJCXCHJMYZGDFIYVYFL,77
615,LOFUMKBMJYLQCQWYMQB,XSXCXQWKFCAFCLOLEMA,LOFUMKBMJYLQCQWYMQB@example.com,SHSDHDXENRDGSGIJJJT,97
616,YZPWNJSYVNNGGKQCVCB,AIIXXROSNMZGSENKOEN,YZPWNJSYVNNGGKQCVCB@example.com,SZVGDXHZAQVHKQBXSOM,44
617,UGFRLCQMBVPATAPZIRA,SQQCFQDKGXCFCYNDNOJ,UGFRLCQMBVPATAPZIRA@example.com,RMYOQRKUYLWSJRVHJQD,62
618,NZAYBJQHZRKCNKUHTQM,KZOOQFWPGTJSYBFOBEX,NZAYBJQHZRKCNKUHTQM@example.com,TJQNLUKGPHOPFJOZCWN,7
619,UXQSIMECPIAQYCOVZUS,NMEJJNZWOCNNEFOGTZR,UXQSIMECPIAQYCOVZUS@example.com,OJLMDUJBZFZBIBLUGUL,81
620,SFTMEFQUBCVQCXJMANU,UKBYKZQAKHAVYISOYSE,SFTMEFQUBCVQCXJMANU@example.com,AZVTSLDGXFOJEMCQSEF,48
621,SZSNNBXZPHOKRUCGFHX,GUTPKXENWZYMKRYBJON,SZSNNBXZPHOKRUCGFHX@example.com,QJWJXFBCRXEAVCEZJUL,97
622,IYKXUSNQIHAJTIGLLFZ,GLNRSBDXUMGHAANPJKZ,IYKXUSNQIHAJTIGLLFZ@example.com,PRPHLYNFRLVSVPPYZOU,27
623,YXLCNKXXIFCGLJYASKC,KVIUGWQHICJVLLPERDO,YXLCNKXXIFCGLJYASKC@example.com,OCTQWBNVMCHUFOWFOJS,76
624,MBLXSLMRHAICGJNXDKW,XIWVJZHPVYFDRQPPGIV,MBLXSLMRHAICGJNXDKW@example.com,SGBRAXNGPHYLNSPUKYU,35
625,BRXROKUQNJERVWSGOSM,INFBCKNJMEYNVYGFTRU,BRXROKUQNJERVWSGOSM@example.com,JEFEVLXAZQUOQBDSFER,1
626,MBAGMJMFFPCATNDYDNV,KBHMYJIDIMCMHLRIJAQ,MBAGMJMFFPCATNDYDNV@example.com,XEHNRZDIZJKSOAISJZP,63
627,EUJSVRTJUJKMEEYZVAD,DHPVEWFTJVGLCOVXJGM,EUJSVRTJUJKMEEYZVAD@example.com,MRRTRIDYNVZCCVXSJAF,16
628,RJIIUJTOQTNPHOWJLWQ,HULLJPZHGODFYTKLYLD,RJIIUJTOQTNPHOWJLWQ@example.com,WMZOGNFAVOUWPKGRDEQ,35
629,BCDDEWZMGCYGGWLUJEG,TQYSGEEPWNTEDRXPOMM,BCDDEWZMGCYGGWLUJEG@example.com,LHLXVDHPUZSQFRPYNUM,66
630,CKAPGAEAIONLEMPMKHT,KHLINJSYPJZSPKWRUMT,CKAPGAEAIONLEMPMKHT@example.com,VNPZSMNXZSTIFYJTQPW,99
631,ELXDPQLRCEHKPDTQGPP,NJWOKBTYZOJBASPOBXN,ELXDPQLRCEHKPDTQGPP@example.com,IPVFHYYTSFECSNNFBBP,76
632,VAIITYIBBJMJYKIQPRA,WGWMIKBSMUJDYGRBCQR,VAIITYIBBJMJYKIQPRA@example.com,OKEMYBJLQHEFKDIMTSB,70
633,YTBEMUUQNGWIAKZGAWQ,ZVYEUEORFNKJHHLOMDD,YTBEMUUQNGWIAKZGAWQ@example.com,QRAWOXLAPJVDCMJBYYC,42
634,IPWMOFHKBCUYSVEQFWY,NVYHGTBVBPNBPIQVRSZ,IPWMOFHKBCUYSVEQFWY@example.com,FYSOBKZRKKOENGMHCGT,82
635,ZCDAIMJLKVXJUGSQGFQ,HHPETCYZLQPTRMWCNTR,ZCDAIMJLKVXJUGSQGFQ@example.com,XATZJANBEEKQZWBLTON,83
636,EICOGKAFGLKJZLKWFEN,BHETEQIMHFFNUNZTJXR,EICOGKAFGLKJZLKWFEN@example.com,TGHFHXKHSXYLXAVCVEO,87
637,ATBXOHXMZHXSWPLDAZE,OSPTBSDKORXSRWOEUEO,ATBXOHXMZHXSWPLDAZE@example.com,DNYJYNBDEXSPOUAOUEL,20
638,VRCWTWJDAAIWLEWIWPR,AGLYQFNUHHQBIJFQKAO,VRCWTWJDAAIWLEWIWPR@example.com,HHGTLIIHJHCMALFBAOR,97
639,MELXGAUPHCDNEPZRRII,REMVQWJPQQYJZLEDTMH,MELXGAUPHCDNEPZRRII@example.com,VQALULGGVXQQCAEKLXS,5
640,MIZBEOBNXPYQFODDKJO,HRSHXBJHZPRYSEQZGWY,MIZBEOBNXPYQFODDKJO@example.com,UOKBAUIVCRYXYSDWMOF,90
641,FHQSLZUCYOAKFOLXKAJ,HJGCJGYMORLDGJZWAXR,FHQSLZUCYOAKFOLXKAJ@example.com,HLHCBSZBAJPOZAXNRZL,11
642,HMGJCJBOKASKEBYRHMO,KSLFZADBBAJRREKMWRC,HMGJCJBOKASKEBYRHMO@example.com,VCVNZZJAVWUKUNMZFZP,24
643,RPNZJXMIISEHMVHZSNC,JZHPIOXGPNSEDPWZJNE,RPNZJXMIISEHMVHZSNC@example.com,UIGLFDMSKVFFIIGVLGS,8
644,BKFDGSNKLQLSCZAOLML,BBTIQQWVHSZYPMXQXYH,BKFDGSNKLQLSCZAOLML@example.com,CYJWYPSFIJNNANNLULY,68
645,UIFBWPVOWEUKQNFNGQK,PCNTGIMJNAPPUVDPFBR,UIFBWPVOWEUKQNFNGQK@example.com,NUSEHRPYUFYRTCNMMUP,80
646,WRAYENVFLASKUZUIQOC,SNAWNDKCPTWLKOCALRS,WRAYENVFLASKUZUIQOC@example.com,SVJKPXLVKYRPECPOKNO,63
647,NLWDQLDAWSTCNPHPKXB,QJDYFVHVLNYUJMLGWXN,NLWDQLDAWSTCNPHPKXB@example.com,OYXGBKUEHTBQCTNJTEF,80
648,JXPVEWMAYTGIMDGTPUR,GVSTVFAWGMNNSBMSPWH,JXPVEWMAYTGIMDGTPUR@example.com,URYZHPDXDCCXVSTHZFE,84
649,KQXJNLULJTUBDFBUVUI,ECCNTKAOMDZKCYVMOVQ,KQXJNLULJTUBDFBUVUI@example.com,TMXVECFQPRSKGEZDYYE,88
650,TCXGYOLWVGTGUCBARDG,VDMFQRLLABUCSFLVJOQ,TCXGYOLWVGTGUCBARDG@example.com,FMOOCUMCHQWIGOQICTY,94
651,WPHVGBKYDFBKAFQMRRK,VDTSZXNYALUCCUFRHAT,WPHVGBKYDFBKAFQMRRK@example.com,GLEOEAKCALOMCYJILWJ,83
652,UENSLLCCIIRWGYBRBKG,DRLJKNNZYTHGTAFIIVE,UENSLLCCIIRWGYBRBKG@example.com,WRYCVQBAKMNIRYNNING,31
653,OJHHVLLDHUFLTPJTFME,FTLZTLMZVGSFJSDKIXD,OJHHVLLDHUFLTPJTFME@example.com,EHYPCMVCJABTVGFTZPM,46
654,PTPDINVXBLSYKVVANJE,XRXFIQMYJREUUOBJOQC,PTPDINVXBLSYKVVANJE@example.com,BRGDMWPSBIHRJADWKIH,93
655,ERGQSDJSDEKYXUJOGSH,FCGCICIVTCTWDGHNFWT,ERGQSDJSDEKYXUJOGSH@example.com,WCCWHVLBEOOXKLMDMNA,59
656,ZIDBNAAKTBUQIKMGYYB,XFXGSIVMMEEDCKCMVUI,ZIDBNAAKTBUQIKMGYYB@example.com,NULQNZNJXYZPGXSRJAT,81
657,YUBKFSYQWXRFXALAEZM,JSLMFHQYGHEMSQZNJBM,YUBKFSYQWXRFXALAEZM@example.com,BEDOULKZJIJFAUVTUMG,59
658,UAGNMIFYVDBBRNFVEVP,ICWAQLQUTYLXINILFYA,UAGNMIFYVDBBRNFVEVP@example.com,ZJKUMQZDCJEZQKXAPAY,77
659,HGGGVAZSAHUWBIESQYO,MOJVBZIASWPOTJPFHIA,HGGGVAZSAHUWBIESQYO@example.com,PEQAYDTOGOXHFQCYBHX,7
660,KYLSDERRMAMDDGJXBUH,OXYCMGPJHJBKHQWKBJB,KYLSDERRMAMDDGJXBUH@example.com,BPDBCYCMRZKHKOPVFOF,57
661,TSRNIRSUDZVWJSZVWKX,ILNQFQLQDWEBSKMNJUT,TSRNIRSUDZVWJSZVWKX@example.com,PNGZHDZGBDSOKALIISW,61
662,XTXLRVNIFJVMFNZEXWE,YDLLBUXZTMZEFZDTCBY,XTXLRVNIFJVMFNZEXWE@example.com,WHOMVAZXLVDPQURMZKL,45
663,IUCSYFTOVCMZTOOSYBM,DBOGQLAEGQLSHTMFITI,IUCSYFTOVCMZTOOSYBM@example.com,OQDXFKTGBGCTCGNQIBC,25
664,BDBRQOIFMOFLGGFOYLE,AUVHRMGBLADGENTDJNC,BDBRQOIFMOFLGGFOYLE@example.com,DPPTKTVSXPQEAMYNXLB,86
665,WUTEHHRAMEEREBOETXY,VYFGBKPFYYZLYCVWTZC,WUTEHHRAMEEREBOETXY@example.com,RPKVOSRQMDYPWLJUEVP,87
666,ONPDVDTJTVPYTYJBDWL,OTFFEXHUNLLYEPKHUUR,ONPDVDTJTVPYTYJBDWL@example.com,EBEMDRKYWJYHHOJQTDM,22
667,TXSZCFBYLHMDXFPAHAV,CHPUWXIUWZXUHKYZKAX,TXSZCFBYLHMDXFPAHAV@example.com,PRBZQHUUILRYOMGQRHX,39
668,TCZKZDCNSYPKNMBHAZE,WXZCGWGQVLKNJBVJYIM,TCZKZDCNSYPKNMBHAZE@example.com,FKGFMSGDGBBPNYBPJBG,80
669,RDNFMJLKJDFZPIABWYD,WTZWZQOZTOYQYIJKMHS,RDNFMJLKJDFZPIABWYD@example.com,JYDRBMDVLIPEXZREXCX,37
670,KJZUZGDOFDWTHTKRFJH,QGFJDWRVCQPGGENMPEI,KJZUZGDOFDWTHTKRFJH@example.com,EPSOFNAFNHTSIMFKWLO,24
671,GEOOWYJJOQVJUJEQUGB,HCAUDQFCSXAQZRTVWZC,GEOOWYJJOQVJUJEQUGB@example.com,QHBTXHRVIHAHWFZUBSB,65
672,KWDUPYVIFDPCSBNIIQQ,ZSIJQIPHPQHKNOEOTTC,KWDUPYVIFDPCSBNIIQQ@example.com,TIIFLTWPZGDGHMXCRNG,67
673,USIOLRAAYSBPRBPAAHN,RGSXPOVRXPXELKAGZTC,USIOLRAAYSBPRBPAAHN@example.com,RQFCUTVIGQJRHWOSALO,69
674,RRWXHFSVEFSBQIGCORZ,XWPRFAKVMTOVPSJAOEL,RRWXHFSVEFSBQIGCORZ@example.com,NJHOCLTHFYCOUTQIXOJ,50
675,MFMRHEKCPBRMANZAAZE,TEFPMISLVONTVJXYKHD,MFMRHEKCPBRMANZAAZE@example.com,PWYGTSLHXVOIEWCQDYJ,1
676,NVFOOJATCUIGQKXZWVC,YKFZHOJYWIOEBUBJDZK,NVFOOJATCUIGQKXZWVC@example.com,FYICYEAOYRLVXXUCFZP,16
677,OKZMKFOJMPRPXLTGVKM,ATQPIQXMGSAUOCSZGVA,OKZMKFOJMPRPXLTGVKM@example.com,RVEEEKLVAMRDVGHPIGJ,55
678,COXNTIVRNGZCVXDXEMJ,FPZAGDOVJPDKKDAMHIK,COXNTIVRNGZCVXDXEMJ@example.com,NVMSTGQXCVYPDYFWTSG,86
679,GMAFXJWMJVWDIFSOHVI,QQTVQNOZRPWZWVKGQOA,GMAFXJWMJVWDIFSOHVI@example.com,DGCKGVCFNYZUHWTMUHK,84
680,HDIBNDJOGXIIXKCRDBE,EUULGMKVHWKWAIIWNZP,HDIBNDJOGXIIXKCRDBE@example.com,DEBAQKBWCXBRRHUNOGY,94
681,ABZPHMUGDPXFGJPNJBF,QCXSXLCBPFJYVFVXRMV,ABZPHMUGDPXFGJPNJBF@example.com,YHWXLEPEYQNUAOADCFU,33
682,AKMKWTMZHUMMVBHTXGO,VMVMMRRISLTSHMATSCN,AKMKWTMZHUMMVBHTXGO@example.com,FGGBZFZEGSRXTEVIRMW,11
683,BEVFAAVLYFRJHDSRLMX,WTFDGTVTDBUGLIXFLQB,BEVFAAVLYFRJHDSRLMX@example.com,QSOIYOADOWBYTBIASGU,34
684,HDBTTMBCISETIIUKAST,FBMXTKGMWLBOYOOGVUW,HDBTTMBCISETIIUKAST@example.com,CYVKLJLRAIPASIJBZIB,91
685,CZVGMNXGRNGZHTKLWSU,GGPLGBVXJPQHUZYMDLI,CZVGMNXGRNGZHTKLWSU@example.com,CRFTXGIKEDDDXPSUIQV,92
686,UEEMOJHLJQTDFZXKBOE,JLAOXZEQWIWLKKOXZES,UEEMOJHLJQTDFZXKBOE@example.com,OTSRMQLYONVRCRZIRBF,29
687,RXXCLUIQMSILLHOSKQV,OUUFUQWYXFTVQQWWZMV,RXXCLUIQMSILLHOSKQV@example.com,FYXERQUWMRDIOXXGPFO,9
688,ZXZKKJLPIWVMROSDCWJ,HMQQQAZZBJKVNOLQPUR,ZXZKKJLPIWVMROSDCWJ@example.com,IQULBCKSSUNLNEPTSSU,93
689,NMQZVNDXRNIYKMAHICB,SBHHXYKBBXBHDFBDISE,NMQZVNDXRNIYKMAHICB@example.com,VACNVTDMPIZNZIJUHBT,5
690,RYDZTBZBIHZCLNVGADD,GQUEGFOPCVGGQACLPZJ,RYDZTBZBIHZCLNVGADD@example.com,KFPGSETIINJOJUZFRNB,9
691,GCPDRDWDRAVXPOESEVQ,LNKQKZZEBTNQFWUGNNH,GCPDRDWDRAVXPOESEVQ@example.com,GJJFVVIPSVTIFDBSJZU,35
692,MMEPHDLKLEYRFSOJGXX,MVCVGIXPBOHWLKPAUKU,MMEPHDLKLEYRFSOJGXX@example.com,QLEUONDAYNQGPCNKPQW,5
693,ISNRTDMSNNUSBPECSCV,OLQVWYSLCLVPQEJZHCL,ISNRTDMSNNUSBPECSCV@example.com,RYYXBBEBCAGCYKGOLDI,17
694,QXHGWWVKFKJPWQUVMPD,IRNIIIKVITJXRSFAKCD,QXHGWWVKFKJPWQUVMPD@example.com,INYGIJZSVFHMNTPGZGR,26
695,NXIEUOLTDFXFGZMQYWH,MRIVDBNIROROUSKDMSK,NXIEUOLTDFXFGZMQYWH@example.com,UACMWUGGXIFRLUZMJEX,83
696,FSREQGOGKFBTPMFQWOA,GGNHZRYZNVJXEJWEAWK,FSREQGOGKFBTPMFQWOA@example.com,GIDNROKWKGVWQBQDZMI,79
697,TCYYLQXXDYXEGDZGUVL,EPNBOUGSRRJJHIMHPMO,TCYYLQXXDYXEGDZGUVL@example.com,NOQQREOSPPTNZWDUMHK,98
698,YJIFKCCNHMIOCZNFYRB,IPOSSHUVSIQQSSINHVG,YJIFKCCNHMIOCZNFYRB@example.com,XDMPLQJVWLRNILAHDIX,4
699,HAZJGZOINOZLQRAIYBM,CAIXWNKXKBKDJTVTKPZ,HAZJGZOINOZLQRAIYBM@example.com,CDYEFJRFWZWYFCURQGA,8
700,WJVHRLTBWLIAYLXCWAK,UTXXTDELXRTDSAAZFST,WJVHRLTBWLIAYLXCWAK@example.com,ILCIZDUYPGRAKHJONOJ,96
701,JHHLUFSTBMQWNCBKKSE,YALIZGVFZPSUFPSYKCN,JHHLUFSTBMQWNCBKKSE@example.com,QLKPZUYNTBGEWTWRFDC,87
702,WHVJEHTWIJGBOQUYOTV,FOGZKTIYDLBIGWIPYDF,WHVJEHTWIJGBOQUYOTV@example.com,BZQOWDXMLIGZYOFRBFQ,17
703,WITDXLYOVSXRYIOJQSL,NHANSJJBXLYKCOGNHDC,WITDXLYOVSXRYIOJQSL@example.com,FMIEGFONWYSOENRFXDB,30
704,NEVONRNSYFMOJKXLELD,FIHXGIOUIHPHGHSRCYK,NEVONRNSYFMOJKXLELD@example.com,WWBBUTJTQKXDJNDWITG,18
705,WIGSPFDKWALHARIMQOE,VVYHYZWZXHCMJXAHLJM,WIGSPFDKWALHARIMQOE@example.com,MYSLSMMBYLUHSJALATW,43
706,NMSIDLRWJGYSLNGOXHP,BISIYBFAUZGQMKTLPAJ,NMSIDLRWJGYSLNGOXHP@example.com,HJQJKCUGKYZDMAIWENM,43
707,ZDDQROHLXIIPCMCOVLQ,TAYUWMTKLANSHNQLDLR,ZDDQROHLXIIPCMCOVLQ@example.com,EGWVVVVUISCTULDNAGQ,7
708,LJHKKQPSNFVPLEOHTDN,AHLPVAJFUOJONQMKTGS,LJHKKQPSNFVPLEOHTDN@example.com,SAJSWREXGMHVDXGGHUF,0
709,LXTPCTEQSLQUCMIKYMP,RRZIHIODTOPEDVZDYAA,LXTPCTEQSLQUCMIKYMP@example.com,GPPMAXJIJSHLYUBJBRD,75
710,QJCDJWBGVCRASEDYRDO,LFYDPNKYIIKTHDYUDBK,QJCDJWBGVCRASEDYRDO@example.com,ICZIDHEJFNSMXDUNWWK,72
711,ZLUMMECWIWJPEAUVEMX,XFJGYGHOCPGRASGQZQV,ZLUMMECWIWJPEAUVEMX@example.com,TFIFVXZXBHRGKVDJANJ,12
712,XXFODPXMCNISQJRXJCM,TQLJKZJEKUDFDDFKOFP,XXFODPXMCNISQJRXJCM@example.com,QLMSEMVJEGOYPSCXQJX,91
713,YLCADTAZOTADMWBECAI,TZRPDOBGRSBLWCWOTJP,YLCADTAZOTADMWBECAI@example.com,AAMSIOLOCDNOGOSYTZU,56
714,THMPFNUAECRULLETHEX,AYLPZGYZTOETYRUKKWM,THMPFNUAECRULLETHEX@example.com,WKXHLEDUYMKOIVDGYFD,46
715,AUSIILSOORAURDKAAMN,UPSEUUHBTNBXEWVLAPB,AUSIILSOORAURDKAAMN@example.com,BEOHKPXMSLASSNRNJJW,89
716,KYDFAJQVACOMRKPNXZK,BLOXUVRDSYVJTDRAUXT,KYDFAJQVACOMRKPNXZK@example.com,IFTMUYCDGSHIBDZTMTI,46
717,TMQZMZGOMJJXUKQYFAJ,ZPPFAPCJRCQJYZDTCHU,TMQZMZGOMJJXUKQYFAJ@example.com,DRFMVLOQPQWZRCQFKRC,70
718,QQTPDHCJCNKTUGJJTWR,SBHPOKTJMUPCGMDPATX,QQTPDHCJCNKTUGJJTWR@example.com,UUYJSEQRNDPQORIQGLD,23
719,XNXKXDSFNYUJVWLIDPT,LACHWLKATETPIDZBJFO,XNXKXDSFNYUJVWLIDPT@example.com,ZGPNALSCQNJNLMQLDLO,28
720,PPLRANLTJGNYTOLMJIV,HQMDYOYPPDQBRAMXSMI,PPLRANLTJGNYTOLMJIV@example.com,DQNYSPTLBMTNUTDOAJL,19
721,UVTWQKKAENQRVPZYEXM,NOQYAMJRZIOXTRAVDGT,UVTWQKKAENQRVPZYEXM@example.com,CLXCFARFWQZJYJTTGZC,59
722,HKUHAIIFXCWBEHPCONK,YWEZNKVSSPQKBEPDHHC,HKUHAIIFXCWBEHPCONK@example.com,ABOZQOASMHCGTBYNTWE,47
723,TKVDSHTVKDLTTJZCSZD,GMWDRSCBSSTPZKNYRZC,TKVDSHTVKDLTTJZCSZD@example.com,FCVRAIOHLXJBWAARDKD,79
724,DTALQPMQVWMAQHXVLBB,QCIZPBAAHNOVPHPXBPR,DTALQPMQVWMAQHXVLBB@example.com,DPVYEAYSMSGPUIIDSKD,24
725,YRSZOPSURJFHZMNDIUY,OEYYNUBQMBMXKNXCSQM,YRSZOPSURJFHZMNDIUY@example.com,FYJEDLRUFXSRNRIAAHX,33
726,BBCQVUXPOQIZQNPQBVI,UFCUCDNEJQNRYUAURCU,BBCQVUXPOQIZQNPQBVI@example.com,QATZWGNJFUJAOCOMWOL,60
727,WYTQJZVIDWVKHGPXPAL,RYGNQPQFDNQGWLYWBVB,WYTQJZVIDWVKHGPXPAL@example.com,MRXBWLHGVHROXTYRBWW,13
728,FTIVMOZSVGVTDHPCCUM,PQUISWCSWPJXFEBJWSW,FTIVMOZSVGVTDHPCCUM@example.com,IHGOQJYEPNAZCQUQVYM,94
729,HHLLOVPZSTWFBLSJIEL,WVMEDVKYMITBOKLBKXW,HHLLOVPZSTWFBLSJIEL@example.com,BFQNFNIXCHYHWFEMUAL,56
730,KSXCNIFOVXZRAXLQITK,QTQUTPLNTTATHXQNXCQ,KSXCNIFOVXZRAXLQITK@example.com,YHZCBVMBNKNBTLWIULI,45
731,OUYFUMEGOMUBJADGBBQ,LCWTTDJLPJEEHZHIQOV,OUYFUMEGOMUBJADGBBQ@example.com,NCUAFSECPVTCLHJVZYL,33
732,SHRXCDCQUNXPLMSFHFJ,IKSFMBSJNFKDEKZPQXD,SHRXCDCQUNXPLMSFHFJ@example.com,BXGNBNWXAYAJUVDPKYY,6
733,YABGVFCRPAHTZUAWZAB,FJKTGOGMIQUMWGLHYML,YABGVFCRPAHTZUAWZAB@example.com,MWREAFPYBNMXPNBGDQM,97
734,MNBHNCZQLVHQXRCNFFF,UYOSZTAMTVXWNMZCFEL,MNBHNCZQLVHQXRCNFFF@example.com,UURXCDASMQRPLLJXRXL,88
735,VBNTIAMWUEQOOEHMPNF,TFADABDZGRPZZKDPMZN,VBNTIAMWUEQOOEHMPNF@example.com,FPVJHZFLZWMXNBCABOE,27
736,LDFABVUFCCTUJTREBRL,QVZPIHNLIPUDIBFEYNA,LDFABVUFCCTUJTREBRL@example.com,ZMBVOITEFYUEIMHSDZP,83
737,WPZDOLNWHEDBRGWYTCA,CVNZIBEHNXJWCMZFJRD,WPZDOLNWHEDBRGWYTCA@example.com,GCWWMYHKQPOJQRFQMAA,78
738,BHFMDGDAHOYCXMTGJVN,BKZDWIJPXVGDNYMBNMB,BHFMDGDAHOYCXMTGJVN@example.com,MVZDTNFKQEZHPXZPXRP,10
739,EOZORJDNHPJJXLDPJEF,KVTUUILBEOXDETPLOMM,EOZORJDNHPJJXLDPJEF@example.com,ZCSRPWELZULCRQLHCON,33
740,ULZBVCAQLSFNSZTAFIO,GCVVFHZKOSFXGZMMARA,ULZBVCAQLSFNSZTAFIO@example.com,ZOPHSBIKKZCTBQZKXGW,17
741,AKPGKKDIBDAYWJEPTMM,EPZQWSZXZSOVEJQYZEI,AKPGKKDIBDAYWJEPTMM@example.com,ZWNZVUCAMNRKFRMMJFD,31
742,KMYIZHWXZEVZJMMBKEF,ZRBWCBIEPDLEJUHJRAW,KMYIZHWXZEVZJMMBKEF@example.com,WKIKROEBOAEYLRNABGF,96
743,LOSVYFQYOPMZRQZHTEM,VEDJIDIXGYNWZVIIVNF,LOSVYFQYOPMZRQZHTEM@example.com,XDFPFGLXSTZKYYVGMLU,88
744,EXBSMRPPNRNBEJZTXJS,JJIFVHYWYUDGAYBFYKC,EXBSMRPPNRNBEJZTXJS@example.com,WQTENOLEELEEBNCWPVD,74
745,XWUBNYHNYMBIUAQBRWQ,RGCDHQHXOUZRIKJSKGL,XWUBNYHNYMBIUAQBRWQ@example.com,FPEVLMZDCULGFTSFJPV,90
746,CTMWVFZGUKBDRIGSBLK,WXKUQYSOSZWZLKJVVMQ,CTMWVFZGUKBDRIGSBLK@example.com,GGAFCHBTZDOJXBTPJRB,8
747,UTXYRFUZKDFXYQWHDZL,KQDCLYVVRSUCEXLAPLJ,UTXYRFUZKDFXYQWHDZL@example.com,HBWZYZXQSKDZWHCXUZX,84
748,UGPADHUKUNTSFNRCINT,VTRDTBWOOSVBREGUOEL,UGPADHUKUNTSFNRCINT@example.com,VLPMGDJBRSGKEYKSZLK,91
749,DJIPSPAPPHIHSYHUAGZ,NLIIDFIMPDCATKHWRQD,DJIPSPAPPHIHSYHUAGZ@example.com,FLECGHBPLLVQHPTQHQV,32
750,TYJNZHCZRAFCLJFJTLS,LZKPKXJRYIARXUTGGCV,TYJNZHCZRAFCLJFJTLS@example.com,ZEJGPOZBRBVVUHFFZXA,48
751,NHNBSUZEEECUHZIEHSV,IHHYJIJCLKQGGEEUNNK,NHNBSUZEEECUHZIEHSV@example.com,YNNFDMIYNNWSSZQMNJI,71
752,PHKUDHVTOURUVOUDAZL,WJPTQPYSFBCAIQFHYKV,PHKUDHVTOURUVOUDAZL@example.com,OMUWVINFIGGFOSMKKPE,51
753,FROUYWYBBSGCTCXDCJM,FVSPMVDJWTOEJYNHWTW,FROUYWYBBSGCTCXDCJM@example.com,MOVLJGIDWVAMAQTIQIR,22
754,HPBAQZESPROBOBXNHVM,KLOFMIFZSUSDOSWWSGF,HPBAQZESPROBOBXNHVM@example.com,YJLDIIPINUNYSGAHKIR,27
755,XBZAVMRAOIKEYYDWMMN,AMHPGLEIULPFSFKSNRU,XBZAVMRAOIKEYYDWMMN@example.com,ZLEEPCKWJUHNVTQBFHG,75
756,UHESJGVBNQSRICAGELQ,CEJKAUDWYJIUCEOQTGW,UHESJGVBNQSRICAGELQ@example.com,OGRBMEWVPFQZIVFOUTO,4
757,XGETGYXTPLGWXZRQNGS,QLLAWICFIKBUUGKXCZI,XGETGYXTPLGWXZRQNGS@example.com,UWWIXZOEDYMIRHGMUCM,89
758,WZUWGTBEITCQFJDAYPF,KIANNWSJUKBMLHUIPTW,WZUWGTBEITCQFJDAYPF@example.com,QRWXNHBFKKYRSQCEUAT,82
759,KXBUCSLNRFILDTWKMLL,BMFQDWYMZGIMPUMEVMR,KXBUCSLNRFILDTWKMLL@example.com,EEPHMRQKKBCCVFPDPPN,63
760,JBHUJWTFPNIWMTMGPPV,WHDNKBGSGFXXXTWAKBY,JBHUJWTFPNIWMTMGPPV@example.com,PLNLOYGNPUNVYDXGRLA,56
761,RLMIJQXQBVWBHHLBJYD,KYSKDVALHNOVLOONOKY,RLMIJQXQBVWBHHLBJYD@example.com,WDAWGRBGFHQFRXWCAJS,90
762,GFPFLZAEXMWVFNAQWOT,NSGBGPIZAXFWCWLYMYD,GFPFLZAEXMWVFNAQWOT@example.com,LIUVBQIMXSCMSJVRQXU,76
763,DNPEAKCESBRXPRFRTLN,DHZBDSDKSYJRZTEEUZT,DNPEAKCESBRXPRFRTLN@example.com,LWDZLCSQXAJHFKVUCXP,10
764,CSFGCDFVGWBEZQCDWTB,SGWOJJABVRVYWKBNQFY,CSFGCDFVGWBEZQCDWTB@example.com,NAIYOSQUVINULKLFRDB,66
765,DDXBNAGRYUPCMEZLNMX,UANYZIIDZBBSQCXVRJW,DDXBNAGRYUPCMEZLNMX@example.com,GORXBIRXBBYIRWIQEUI,79
766,WSJXZMIGIDEIJQTSMMN,AFWRTLCLRKXVPJJEDIO,WSJXZMIGIDEIJQTSMMN@example.com,QLSBCZWDWWSXXPYFVRM,70
767,VLQUEBVANUEURLHVAWS,FWFKNGQWSVLGCZIUJAX,VLQUEBVANUEURLHVAWS@example.com,QFPBGXMXKBSBNLJJQXR,64
768,GAHTTAPXPBHZSAYCIRL,XIKMGRFIMVDHSSSFAWZ,GAHTTAPXPBHZSAYCIRL@example.com,QZRABBEFGMWWUWEAPCU,46
769,HVCMVUFYJJWZKXYQEOX,MHDRMFYUWQJEFIQDYHE,HVCMVUFYJJWZKXYQEOX@example.com,AHFAPPRQWZVSSXOVWFT,64
770,IBCSXEEBVSXRLYCDEMO,YSTCQWLAWQRFUULGCZH,IBCSXEEBVSXRLYCDEMO@example.com,MSMKVVNIRLKKLEWGJRL,16
771,JACEWLEMNYKNEMBFULF,MMWZRFOTUFRDFDWKYKK,JACEWLEMNYKNEMBFULF@example.com,GPMZYTKJXXNWNOZFOAM,3
772,AHFGTBEYCFODTBOAZZF,EGHRRMXPNCHAFUAVNYW,AHFGTBEYCFODTBOAZZF@example.com,DDBMYRKCGYNSJZNOZJL,21
773,AJPDWRBLDPEALUCXCYI,NYJSMKXZZKXCGUOCCKM,AJPDWRBLDPEALUCXCYI@example.com,HMDKEDRXLXVNFKWEPTY,31
774,ARXOVEMTFTEFQNBAKVI,SRHXKYXGMZZAWZYVMTV,ARXOVEMTFTEFQNBAKVI@example.com,EXTERDSKJQZRFFRUYWD,18
775,XYGQLDHDTGNTYLHPSAL,LHKSVBIZRGSDFODGSLT,XYGQLDHDTGNTYLHPSAL@example.com,WUNNQURLRAAVPMJNRFT,52
776,GAOJFSXKTHKLPXPIKKB,AEXDLWULITFIKJULIRX,GAOJFSXKTHKLPXPIKKB@example.com,EEGSSTAGYAJTTBYZHPE,59
777,NCBJMKGFFVWJXWVXEUU,LYMHOJVSESIICOYUZBH,NCBJMKGFFVWJXWVXEUU@example.com,FEEVKIVZAMEFCWBVXNT,61
778,XVKTDZVISXJNXHOGCZS,VAZIPWTMBJSYSYHKZCX,XVKTDZVISXJNXHOGCZS@example.com,EZDBRSXZMXDPUFIADZL,52
779,HZVJSZHAZZTSBVMVMIY,UJWJMIOURCCRZLRTWYM,HZVJSZHAZZTSBVMVMIY@example.com,AAOQYXBWSUSHPDIGTQT,39
780,HEZLRLGXIUIKAZKIGOY,HHGHAOKKQSQPFAXUDGE,HEZLRLGXIUIKAZKIGOY@example.com,WACQMPAXTIWUUXOIHFV,42
781,AYGHKUFIALWKKPVAZKX,DJVBJMJQTNOVFVTOXOD,AYGHKUFIALWKKPVAZKX@example.com,KMRZKLOELBBDTDSWHIK,50
782,FLOBNMODHNUKYJBSHVA,XLFSOFPRKGHWAMCNRHZ,FLOBNMODHNUKYJBSHVA@example.com,WNPBRSQHIBDCPHCQJRQ,23
783,PGWGLXKRJXOSRJEVWZV,GZTJCEVXIYBABGNHDJG,PGWGLXKRJXOSRJEVWZV@example.com,XITWRVLMPHIIKMJZYAE,3
784,CBZOLJETPGHBIQGTCGP,VFLJWZNOPIWWOHVPCYR,CBZOLJETPGHBIQGTCGP@example.com,GTJKTRGTXEOCNHHRBCO,6
785,SWWEPBTYYJYJQPGCXHJ,GXJMMLPLFMPCXLKYEOB,SWWEPBTYYJYJQPGCXHJ@example.com,BJVQMVAXNWSAPLULQGG,77
786,KUCJGNAYRIMJDQSCYJK,SEDYDBWGKUTUADMUHIX,KUCJGNAYRIMJDQSCYJK@example.com,QOMOUNIRHCUSZNYRTOY,33
787,TTLJIIYYBNRTDBTWUZX,QTZWIYMKWAGDBSHSKIT,TTLJIIYYBNRTDBTWUZX@example.com,YZKCIVVYRUSEUTSFCHT,39
788,QSCXCUEHCWGKTTFQHTU,CGHCSKSGKUZKZQFESBT,QSCXCUEHCWGKTTFQHTU@example.com,NQKJJCEAEFPFMWTLHQI,23
789,KHIKNEDRZTANNCCERAM,OULZEUGNNSTYBVYEHPR,KHIKNEDRZTANNCCERAM@example.com,WBYPSYKYKTQLVTZRLLT,53
790,MGQWPDVCETVENNSDDON,AFRTBFILZMADRTUWEQR,MGQWPDVCETVENNSDDON@example.com,MYVGQZFYKJDXPUQLSKV,73
791,XZTSMCVDHQTGQJQFXUZ,PRYSTFDPDNTISRQSRJP,XZTSMCVDHQTGQJQFXUZ@example.com,OKQFIMXQMGZHPUDYLWE,30
792,RFRCPTGSTJYXNUUJMPG,KVLJJWLGWIQRYBRBSRY,RFRCPTGSTJYXNUUJMPG@example.com,MMBWFGVLCJOVWSPQULF,72
793,OONWTCZPLKSTTFRONSU,WSMRBHAZXHWSVGXEUZE,OONWTCZPLKSTTFRONSU@example.com,CIDXUKKYUWMSERSDOZV,81
794,GAWEYRLECCIYPBLCEHR,AMSOKSSDRZUFEPAJKYA,GAWEYRLECCIYPBLCEHR@example.com,HSKSPRCEXNXQBRHBWZV,77
795,ZPAOZMZFPPODIGRGNNG,WFLQCCYBYBZGGKKOARI,ZPAOZMZFPPODIGRGNNG@example.com,OWSORIOFRODVHRPERBS,20
796,EVNUURPSQEIBSKYCBUA,CQWJOYTFESFYUYQKZVW,EVNUURPSQEIBSKYCBUA@example.com,GKCACCIFYDYKIVBZLNC,48
797,DCXWQYNNOTNQSEDNDXT,JOWOYQHFZUBVGJFKIIQ,DCXWQYNNOTNQSEDNDXT@example.com,TIZUHNZCEOCZNWNRSXB,61
798,OZVCSFMYVDJIWUKQSQD,PTLSWASHNIJJSLMXLVW,OZVCSFMYVDJIWUKQSQD@example.com,JQUNVKBIAWUORWSZEGF,6
799,UQGSTDZQECNVMXBTGVH,ATCWPHSYAZSEOPRDTOF,UQGSTDZQECNVMXBTGVH@example.com,WZEJDTNBINNDLFRZPPZ,38
800,YROJTRWHEIXLHRBXBRL,QMBURBFVOZVGUZKIHCT,YROJTRWHEIXLHRBXBRL@example.com,RQPFODFCTFSTOPWBARM,80
801,NYLAHQORCQERRTLGLEO,BISLHGGZZHTGCZYGCFO,NYLAHQORCQERRTLGLEO@example.com,HCFHCVOOXBIHREGZACB,79
802,FLLERDILWCHNASBOCKC,OHFYVCFHYWZWOUFZPLI,FLLERDILWCHNASBOCKC@example.com,SSPMEGCVCILIUVGDUHQ,68
803,PLSMSTDVZMLTABIWBCK,BGZIUSWTTPMCLVRIQTP,PLSMSTDVZMLTABIWBCK@example.com,DZNVRXAVQSJGXBUJRIL,94
804,UCJZQUEYXNNCWWCPDHC,LCGNGVPFODBHYRQXJLV,UCJZQUEYXNNCWWCPDHC@example.com,NTDFIDZAJYOFDAREVWO,47
805,JAEDKFDBXRKGQFXINNV,ZTVFDTLXRVNSXEKXONW,JAEDKFDBXRKGQFXINNV@example.com,DTPPZZFHQWRGCFPXUZS,63
806,MRBVXPAHVUAOCIMWCDF,WWLQIXEYFKDDLRZONVT,MRBVXPAHVUAOCIMWCDF@example.com,ASQDMXRUKJRCFSSHMBF,78
807,BMAMQIDOBADVMLPXFIG,CRFMXKKSYZFMXJPKHNI,BMAMQIDOBADVMLPXFIG@example.com,UIFNOMYVLCXEXKRTXBC,92
808,LZZZTURJGUFELPLNTSX,DSHRITHFWMAZKAMTNDV,LZZZTURJGUFELPLNTSX@example.com,JUJEQSPXIJCNMEEIVPD,78
809,EHTQBJRHSKAKJJUXZWS,UFYIDJHMVZGVTYMIACI,EHTQBJRHSKAKJJUXZWS@example.com,RCSOOBPPQTKFLDBKTME,72
810,BEGGIGPMHEIONRHCWKU,LAWZKNZVAFCSYWPLRJL,BEGGIGPMHEIONRHCWKU@example.com,QESVJUVACSBFTUSGZVG,86
811,RTCVXHIURUSCBDLJVUE,VHWYUCJMASFUNBIDVJY,RTCVXHIURUSCBDLJVUE@example.com,LFCWOOWPHLKGVBARADD,27
812,FSPAUQYUKFWDJEQGHLW,IBXNVAYGBBUAVQJWNBN,FSPAUQYUKFWDJEQGHLW@example.com,KYBBVBDUVRWJRQXLFJC,28
813,BRPUEQHYBGIGFHXKPBW,FJYIGFZSFFVQZEDVVRQ,BRPUEQHYBGIGFHXKPBW@example.com,BPPESRODJZMVGWQEPAX,8
814,RMVWYVPEYGDQJQYQPVN,ZPSQJWGMYMDRNGGNPAC,RMVWYVPEYGDQJQYQPVN@example.com,OXCUTTLDQBVUJXCHFGJ,20
815,DVODBVKUUTNGOTGYSOE,IIOVFMGRPWORTBFHMCV,DVODBVKUUTNGOTGYSOE@example.com,HLJOURTZFRCYTGERMNG,78
816,ENBYVXYJHOXMWZXDDTB,MPFFQSIOPMWOPMZEXKL,ENBYVXYJHOXMWZXDDTB@example.com,MMMVUPYKQMHNNPGLTXA,6
817,VGUISFJCWOMEDPJQPHF,KIPPPYINLUHOPQSVRSJ,VGUISFJCWOMEDPJQPHF@example.com,ESKWIUMJOHNLWPFVMYH,92
818,YSUDWBVGDXTBIFIIIAW,XHMAHOPFHWNCZDAFSOK,YSUDWBVGDXTBIFIIIAW@example.com,GLXTAXLJCJNMJQFTIUD,70
819,SUHNLPAMZFZEXZALQNK,WJYYOFMXKFGSPUVCLYT,SUHNLPAMZFZEXZALQNK@example.com,QBSZAPMUQYMULCVHPKH,4
820,RYADTQZSKVTENLWHIYE,VJEPUFAIJZBBGLEBETP,RYADTQZSKVTENLWHIYE@example.com,BZYUHCCFEYVPOACAWHP,8
821,CFAFXOYAOYNWZLUBQPG,BZSXLACUQQBGPUGHNDN,CFAFXOYAOYNWZLUBQPG@example.com,TFPPXHQCVUKMUWZKOXY,73
822,YOSHSUEHTJQGPVSBKUP,TCYNPWMQWSZPXPFSDRF,YOSHSUEHTJQGPVSBKUP@example.com,CDHIPOLGMBMNYXBFALA,34
823,TVDVXXFROADMUTNQMAZ,EEHMBBDGPVZWXCNVZQM,TVDVXXFROADMUTNQMAZ@example.com,WHKEAXKLTVPYPHZMDSV,96
824,MJCEUYHRCXFEVWHSASR,EYMOFQVTUURXIGJOTMI,MJCEUYHRCXFEVWHSASR@example.com,FSSCPZBGRJVGMITQGQN,99
825,CDVRUQBWYLUDUWKVVAE,EKITFWKVFMVHBBBASUU,CDVRUQBWYLUDUWKVVAE@example.com,TSWTYKSEXAHJHXSMEWF,60
826,UOJMQCEEVUPQOKOFOAA,IYMLNPILKDHJATTCOSN,UOJMQCEEVUPQOKOFOAA@example.com,HFONFZSALSFTSPXBBBW,48
827,IBBJXIHUSWHALXLXCMR,AREWKPTHFTWLXYPOAGX,IBBJXIHUSWHALXLXCMR@example.com,EBSEBDSCDVCSTCMBMZX,57
828,MIBZJCGPVVNBIUDYWFH,NPLFUWQOQPGQUQEVBQP,MIBZJCGPVVNBIUDYWFH@example.com,CAFWOWQZSNEHMEMZJKE,41
829,YMPEDZFUBXSCGHMIZOJ,UTTJLHZIFOAJAXJDBIR,YMPEDZFUBXSCGHMIZOJ@example.com,ACXZYTBBBRQGANMTZGX,56
830,QZXFATRVWUSKNLEMLCN,NKAHPNPIMNSELEPDVCT,QZXFATRVWUSKNLEMLCN@example.com,INSJDNWMLRQPUMQROUM,28
831,LDETMPEFZNWEIDEZFAY,RDDXKJYOJTIXTTDJNEO,LDETMPEFZNWEIDEZFAY@example.com,OLRQYOOQLCHDOISHLFS,24
832,YDJNOTFUIYDWBJLFIJJ,NROPFOFSMHMSWJWFVPC,YDJNOTFUIYDWBJLFIJJ@example.com,JXXEHVZEABBBNXFDHZF,36
833,UNHOTLOVJVWYROJHSIC,WFACBWJCPTVIAJQOTPH,UNHOTLOVJVWYROJHSIC@example.com,BYLJJECKNLEWDGRXMZA,82
834,ARIFVLIQOZBLTKIKKDR,ZZJXSNZOKDYYVERHKGU,ARIFVLIQOZBLTKIKKDR@example.com,EDOGVGDJYPAJYYQBEVG,61
835,CDFPWENYEXONSWPCXOT,ZHRWNLGBECHFEBDKMQG,CDFPWENYEXONSWPCXOT@example.com,PUTEQFRFHJMSLICTRJW,29
836,NTNATFTVSHFESMBALEO,FTPJAEMHYRDOOYIRJAK,NTNATFTVSHFESMBALEO@example.com,OSFMBDDWMJOACBXHBRD,11
837,UNSNFDYFYIKQGHJZPAN,OMFPQRHYLMBHBISTTXJ,UNSNFDYFYIKQGHJZPAN@example.com,MXBYWBZWWOFMVRQWWET,4
838,LPGLMMJMPDVIXGHSJOX,ZMLVMKJILAVQYYJPIAB,LPGLMMJMPDVIXGHSJOX@example.com,MGPUJXUBYBGVHTIZYLU,37
839,GGSTPKKVPCFQBJWQUXD,MSYWASWXGCMDTRIOJWG,GGSTPKKVPCFQBJWQUXD@example.com,SFRIIMCICSKRRGLHLLR,17
840,GIGTAQUBHJFHCPDMHMW,ILPREQLABDXIBXVEDWQ,GIGTAQUBHJFHCPDMHMW@example.com,UEWNHSPLFZCKHYAFAVV,47
841,FQPGJNYLIFZTRORDVKC,UTTTKAMYCVRVSAVWNJM,FQPGJNYLIFZTRORDVKC@example.com,YKHIMPTITFJIFIUFXPH,79
842,ZUZIUVSCYZPIIILVACI,FDITOZICUYYGZZLMDJE,ZUZIUVSCYZPIIILVACI@example.com,EYAMGQJUODJVWSFCAJQ,99
843,FZUHYETEIFYCGIBOQQD,ODTGNUIKAYQHTRZFNTX,FZUHYETEIFYCGIBOQQD@example.com,NJIJQTQGNTDTGDNFTWE,67
844,KIBMVAATOIFNZEUCMAA,ZDDBHYSLSRVYCSNHTAT,KIBMVAATOIFNZEUCMAA@example.com,HYGQFEDUQRYHQHSWERZ,63
845,YPTGIFJRJVVVTYYRNOK,BJBDKOJIISKJQTNTDBU,YPTGIFJRJVVVTYYRNOK@example.com,VGCYISJKKZFKLMLIUCU,11
846,EGHSAUDFWYQYNZSUGFH,HAKEMQMELBSMCHGFKCA,EGHSAUDFWYQYNZSUGFH@example.com,VMNXJWPEXEYAZQHDKXK,27
847,PGTQCZPSUOPASVWLMMO,ETYMPCMGOYNMIVHRVAP,PGTQCZPSUOPASVWLMMO@example.com,UEDLCBULBINQNZTNZEI,98
848,RCAIOHMBHXXJVQZXGZB,RIHXVRWFFENDRBWMOVF,RCAIOHMBHXXJVQZXGZB@example.com,WNTUQTDWJPIARVCDSZU,69
849,VADMKVNUTXPKJBISLWZ,WPMGAVOHSEPUKSFQBNP,VADMKVNUTXPKJBISLWZ@example.com,NQXUDKFPLVSGMRVJKLP,19
850,JEGUNBBHXLTTOODICDO,SJRCWODEZLTRJYZRDDG,JEGUNBBHXLTTOODICDO@example.com,QQHEMYDQDKALYUXAZSJ,57
851,BWIIFDNNZFWSTCQRUKK,RPOIURCZQDDGQVDCOXX,BWIIFDNNZFWSTCQRUKK@example.com,UXKJZNZYSFEEGEIJPID,53
852,DQLWAKIETECXDSQGRAW,UMSIFMBYOFMCSQYPLZB,DQLWAKIETECXDSQGRAW@example.com,KORCFIQCTSNHEXHCOTA,35
853,DMCGVSBHHZATFLYINUU,WPKLZZSTGBLAAZGBCRG,DMCGVSBHHZATFLYINUU@example.com,QASSTOJCXSQUYSYRBIU,14
854,QXIPDYHSROALIAURVZG,MFGINZUAYYIIWZRWCEX,QXIPDYHSROALIAURVZG@example.com,CJLKUWKEEWVYQJLAKOP,18
855,DQTEHXWFXQUYCDQCWBE,UKQBNRSOYWMIGJIDSNA,DQTEHXWFXQUYCDQCWBE@example.com,NBBMWPLJAQAHPHYEOQN,59
856,SDQAHHNNRLYFWLYVAXA,LZEIOQMLFXZLXYZPORD,SDQAHHNNRLYFWLYVAXA@example.com,GWRVFDWVGJMCFKIHCIP,79
857,RKNSIGDGXDZHOBNJDXA,DCQPLABKRNYEPUIYDTF,RKNSIGDGXDZHOBNJDXA@example.com,APNZRUXLWJHYIJCXIAK,72
858,JGMJKYZYIAUHJDPPZQM,CJHWVIKEUPTXZQYTRGQ,JGMJKYZYIAUHJDPPZQM@example.com,ZSQHVLTBNRVDRYKJBTU,38
859,MGDBPLSHIXVZPHHZLWO,AYKHXUKAJPRVCTSFZXI,MGDBPLSHIXVZPHHZLWO@example.com,HDVPJIPGPOPIAYOPBWA,67
860,FEBRFVBPNRUTAQLHTFZ,STJCCRJLIGHZXUSMSMR,FEBRFVBPNRUTAQLHTFZ@example.com,QCJUETWHSWGFFAAFIAI,52
861,UIXFRXKUQYLWAKOIFFD,BQJAPRJGQXFVTHVDQNF,UIXFRXKUQYLWAKOIFFD@example.com,NSBWHIBUJPBIGEVTKTQ,22
862,MSNHCHGCQXDCEPQSMPM,FFNQBTFRDWWUHFYIBAX,MSNHCHGCQXDCEPQSMPM@example.com,OLZWIIONFBGOWLVAPJN,80
863,PRNLXRLAMYUXSVCVAEA,YUGMWEDXQDRTDALUVDP,PRNLXRLAMYUXSVCVAEA@example.com,LZPGATMBIGFXAHSRCDY,50
864,FFUBRYREDJLOOVJCGAO,EYROGSEXJEIGBOXWQEM,FFUBRYREDJLOOVJCGAO@example.com,WSAVWXAHCWDSOTYOJWP,86
865,NMCXTBHUTZCZLUYMOPX,FNNHKQIZKBZCHRXRUVB,NMCXTBHUTZCZLUYMOPX@example.com,PRQZMOXTTGTTEXBXGAO,82
866,JDOQTMAGXTYWWOKHDEA,SFTLSEFLRATWFNYCLBR,JDOQTMAGXTYWWOKHDEA@example.com,YCRGHBYNDOBTCWWFKBG,42
867,PMGLTYSCSSNEXMQKYQZ,UPXNESLXMBIUUJBPGMT,PMGLTYSCSSNEXMQKYQZ@example.com,SHYAZBLEJXEEBLIUMCK,84
868,FATKUAOVHHOLETQMAWO,EMKRLCQPAEGIVOREQKT,FATKUAOVHHOLETQMAWO@example.com,FKUODPFDEVVSHVAANPN,81
869,VVSNLRQVUJPTBVKECLV,ONWGZFPYXXJPJFWPRCA,VVSNLRQVUJPTBVKECLV@example.com,HHUKDAGMUDHGNIANYBO,9
870,WLVCDGPLPVNXRZOUKOQ,IIUAKGEVGBHAKMKZGZU,WLVCDGPLPVNXRZOUKOQ@example.com,ZIJZOPERKMORJDSJYAO,70
871,CEQRSDNUMGCBXNGXHHI,PPAIRBWJERWLSMXUWGT,CEQRSDNUMGCBXNGXHHI@example.com,QAXAYVLHOVRARTZRGSK,14
872,ABZDEGJWXLELNQJLVMI,CBVKKXZHDYLOBJYASKM,ABZDEGJWXLELNQJLVMI@example.com,XMOGHAHHUFRQOWUBGOQ,67
873,RWSYRGFGJWKWRRJWTDX,FCHJRHJEFKFUIPNPLNP,RWSYRGFGJWKWRRJWTDX@example.com,GUTIUYJFJBLUWZPMVWT,54
874,OBOYBRKTEYBPJSYMZLJ,XDKDGUBHWJTPSSWRGKE,OBOYBRKTEYBPJSYMZLJ@example.com,EIWHWOFJMBGLGXKXNZF,97
875,HZGXQUSQBUWWAGFUDZA,VJFPHQSKZEVEWPSDXIR,HZGXQUSQBUWWAGFUDZA@example.com,KYMVKLYMJXIRNKYGLCF,63
876,PBSGWUBBQLJFCVBESHW,UHNDFPKCZSAUSZUXMQS,PBSGWUBBQLJFCVBESHW@example.com,XHCLBISZEEMKHFCIDWI,45
877,TNPVYZETEEINMFEYNTI,CATDLBGSVPSZMFTRIRU,TNPVYZETEEINMFEYNTI@example.com,IQVZSZOEWATOCFHIAOM,78
878,ABSIHZQGUMTRCAEIKXR,BFQZMUVZGOCYSHSMGWV,ABSIHZQGUMTRCAEIKXR@example.com,WKGTHVPTQZSMBBVOQSZ,16
879,FKTOWZJMXPNFMBYAJWO,QLLYZWLFJXDMFZPTKXS,FKTOWZJMXPNFMBYAJWO@example.com,HHRZMVHWVJFJJPEXGVN,82
880,QJCAMSNUIMRXWTWNIET,TUGTSMBPQUSXCGKNALX,QJCAMSNUIMRXWTWNIET@example.com,AGEOIJENSAGZCJEJSRA,87
881,MRUPJKSCZXRAYJDSAGK,RVKMXZNFMXZKLKZDSJL,MRUPJKSCZXRAYJDSAGK@example.com,CFKQRTPURYIWHDFMJPO,90
882,PVIFVUBBSBJOPIKDAOQ,BWAJKRQUQRBHDPMFPSC,PVIFVUBBSBJOPIKDAOQ@example.com,MJURAMOLBGPCGAGNXZI,63
883,BVNWNSYQKRNCPKNRSAU,JMOITRMGTEFNVBFSYGW,BVNWNSYQKRNCPKNRSAU@example.com,XPAWCYYLPQFJJNAIMCX,54
884,DQWORXVDQDHZEMLEIPG,TNDSCVNHHIWIQQSIXBH,DQWORXVDQDHZEMLEIPG@example.com,ZOOPYDLYHKIQJBAEZUQ,65
885,DECDMYRNECTTTPDETRM,HLJQELSHXHNETKLVHFH,DECDMYRNECTTTPDETRM@example.com,KNGSTVEZAYXWVDTYNAV,27
886,QZYGTFJPBAJBKOZJXWJ,YFJOTKLGATIZMJSUWDI,QZYGTFJPBAJBKOZJXWJ@example.com,EFMIZFWACFBYJHAUQTM,56
887,HQZDRGOKGKMQNWLMIFA,AXGVTIIWFMCOUFDSNON,HQZDRGOKGKMQNWLMIFA@example.com,JZSNSOTGQKHFVWIQNZC,66
888,CZIUHWUZGDYIQJETIAW,DPIKBUYCOXGVVSBYRVC,CZIUHWUZGDYIQJETIAW@example.com,MFCRIBZSDDPBXFMCAHN,2
889,LFLFDKNHBKHEBMHDYMS,GCPHTLIONXQROPJHAKQ,LFLFDKNHBKHEBMHDYMS@example.com,ERAPTWTFSZARXUOIDNV,15
890,QMPZDYGFTOCRTZTMSWG,VHWJHZALUGHJIQSZFFG,QMPZDYGFTOCRTZTMSWG@example.com,VFVBZMBLCRZWGXIYVEH,10
891,ZMQCNKLWNAGRGNEQPPV,ENUICGYWTXYGSEHWWHA,ZMQCNKLWNAGRGNEQPPV@example.com,YKHHVZDGBBNVDOAQQGF,81
892,MKJKWWAGEOPXJYPNQPN,ZWUQELBNPZFNFWZHORW,MKJKWWAGEOPXJYPNQPN@example.com,YQHQPOBXYTARXAYDNLG,1
893,SWAVGEJFOXSKYHKKTUE,TXWXYPQYFYVRSHIMQPF,SWAVGEJFOXSKYHKKTUE@example.com,QFUYCYGEFGZOLEOSUSF,73
894,OOXNFOCNHCQXJYTPQEA,YJATLJYPGGAOFXXJMZT,OOXNFOCNHCQXJYTPQEA@example.com,JNIRZRHZEDKNRANUEMA,95
895,ISJCETXDXUVPLQMDFOL,KTOGFPDRQLLHOWHWPRK,ISJCETXDXUVPLQMDFOL@example.com,DUKAXGTQPMOMFAKHKII,92
896,WPFJPODPDJKJMCMAMHP,ASDSDILYCEQVYLZYDMF,WPFJPODPDJKJMCMAMHP@example.com,LFXRPJMNVPJMDQGAKQM,51
897,WMOFDUCKUYSGVYHHCAW,XDJUZWJXVGDOYEIAMKH,WMOFDUCKUYSGVYHHCAW@example.com,NWQBGHMCZBGKTIELQEO,37
898,XCLLNIWFKIGXNFQWFKA,WEBNANEUQUVDMHLFVXB,XCLLNIWFKIGXNFQWFKA@example.com,MMGNGPLJUIODLAXTSAB,68
899,ZEMOHPOIEOLVWMDOGIK,MBFSWEFIUNZBKJORDBT,ZEMOHPOIEOLVWMDOGIK@example.com,VZBJPAIAGLSLCAASRBV,83
900,YNOWECGEGLIIPECPOQS,GOQPJRMVJXJQNEIAIRE,YNOWECGEGLIIPECPOQS@example.com,TZVUCYIBMCTIVHNBHXP,46
901,YJDETAWCDKGYHLSRJOW,ZRPBQGCVUGWHZZBMJNR,YJDETAWCDKGYHLSRJOW@example.com,MTFYYOFHESHEKSJCOES,86
902,JRRNNEGDQJZHPFRRJQD,CWSBLVWVCWMJYUKQDDR,JRRNNEGDQJZHPFRRJQD@example.com,OQMOTLSQSVIPPRLWKEP,69
903,RJVSLBJECUPOKABSRAA,WGBCXSBWESERDREXAFU,RJVSLBJECUPOKABSRAA@example.com,ADJBCAWEFDNUSRRREHN,24
904,VDNIWCHKSWUYBUXFEYO,QTNIQIOLQUGTNQBTFMO,VDNIWCHKSWUYBUXFEYO@example.com,UTLRJMGAFXPOJRMDBLU,21
905,ULEAGASATMZUDEJLEIT,TZWPJNIWFQORXZOIBUI,ULEAGASATMZUDEJLEIT@example.com,SJJVUEODROXLAXVGBVS,18
906,WQXIODLUSNHXIYDZJGV,TZIKGBBQKWSZQMQGERT,WQXIODLUSNHXIYDZJGV@example.com,SBKMZSZDASSSQQFBDEE,6
907,QQXCIXLCJFZLASFTOAK,AUITSQFIZEALMDDSRXY,QQXCIXLCJFZLASFTOAK@example.com,CADBLBTBGQEPZPGWDES,71
908,XANAPIWZFLVBVZDLZNQ,DANZKVHKDCWKZZIQTZA,XANAPIWZFLVBVZDLZNQ@example.com,CTJDONTXNUYAGDPHTJJ,22
909,WBLAUGCLXVSEJYTPRJM,PHJOQPMOBDXZVLIZQWK,WBLAUGCLXVSEJYTPRJM@example.com,REOZUWLXZCWAPZCHGFJ,45
910,PGISVWBTFXXAHXDZJIJ,HAPNPBEGXHCKQSVXHKS,PGISVWBTFXXAHXDZJIJ@example.com,HWZTVWICCOWQVGDWNZA,8
911,VWJTXSJGYTDRPEDQAKT,BCZCHBTITMTXJIFVOIZ,VWJTXSJGYTDRPEDQAKT@example.com,LLNJFTTYZKPLQWWTTNN,31
912,GSBNXVBJKLRQKCNSTWK,VNVVEZLGFKVQDOFUYAA,GSBNXVBJKLRQKCNSTWK@example.com,HOSJFDOKFOXZEWVZSXX,6
913,UJUEMDGPFKFOQFXGWHC,HMMNOFMTGIWKKNOUMPT,UJUEMDGPFKFOQFXGWHC@example.com,BFHDNLMRJSRLHPQIWMA,58
914,VBEEWXFGCBGBQDMMEQQ,VDQDNZEZFBQGUZQGEBL,VBEEWXFGCBGBQDMMEQQ@example.com,SRKTETZQQCZXAEHKXVF,38
915,PLIAAFWRWMKWIGBMNCW,QYWVGQHXQNWMIWVYESB,PLIAAFWRWMKWIGBMNCW@example.com,JZOTAYSKKLNWABONEJF,55
916,MIDKURACKSGCDJTKQLT,IEZVSMTMRQMZCTYHGJB,MIDKURACKSGCDJTKQLT@example.com,ROYCAAKCOGKTZDJAXMB,5
917,RUSZWNENXRIRVAXPCXO,NRUKWCFCFXCCBTKJQFG,RUSZWNENXRIRVAXPCXO@example.com,FATYMPCEUMRQWQQGNEM,8
918,SICKBODQKTFKJNXSQJH,ZXTJKJRROWIIORZOIAW,SICKBODQKTFKJNXSQJH@example.com,RDDDKHDXGCRZTZFHGWZ,33
919,VLXEYWZOBRWKXUUYMLA,UDLZXXDYYUAVQOXNAIS,VLXEYWZOBRWKXUUYMLA@example.com,NPEAQCOSBFDWVAAAOCJ,50
920,FOENMFCLFIHCIDXQEKC,XSVHZCVJZNOHPVHUEKF,FOENMFCLFIHCIDXQEKC@example.com,AUVSSCWYPPZNJNFJSOR,43
921,DXLWMLOFAUYBMPYOZDQ,POEWAITCGASDSADFTRD,DXLWMLOFAUYBMPYOZDQ@example.com,JUBGVUFJJSCJTPOYRFS,35
922,BCMAZBEARHFFGBMLBOO,LAXGTAKUGOPJIAGBQWK,BCMAZBEARHFFGBMLBOO@example.com,KJLLQGQQTKVQWOWDTFP,48
923,GLCINHSFASOCMFMIKYU,GODUKFURMHSITGBMWOT,GLCINHSFASOCMFMIKYU@example.com,CZVTTOSNHDBRMEERCBB,76
924,WOQJCTRTPRWDPZYSJIZ,VXNFMDYPFLRWCGRHNSL,WOQJCTRTPRWDPZYSJIZ@example.com,BNIDIRDDINGKFCMAWGK,28
925,XWKROIDTHTDTKWFIFUM,DYMCIBZDXELJBFPACTO,XWKROIDTHTDTKWFIFUM@example.com,EAAWTYTWWWPMRFQUFSB,37
926,RQPRNAFZMGNIPIINZIJ,KODISVIGDDRZRWJZXFP,RQPRNAFZMGNIPIINZIJ@example.com,VTFSJXDNDINCEBWJFOP,16
927,MSYBWSYWFNXFGWTWGOR,KKYEKOUTNAJTGQCXYKR,MSYBWSYWFNXFGWTWGOR@example.com,AXGOCGAFOEEGQBJWZCG,10
928,LTLIJSXOBUVTZEPDMKL,GFRHDGGCDAHGPQZBGRF,LTLIJSXOBUVTZEPDMKL@example.com,WTJHYRIBSLQJEMVJCWH,65
929,QIMJUEIHCCGZPLNDFDY,EHBHTMOIOHSKYIABBSF,QIMJUEIHCCGZPLNDFDY@example.com,TXQUSYCHXIIEHOXORWF,93
930,FEOUITSUQMJGZEKRTPR,FOEWJRRNZXYLMLNCLKK,FEOUITSUQMJGZEKRTPR@example.com,AJYMXOZVBEXJVAFPSVP,85
931,QSDOYUMMVWAMXCFUMEU,YGAHMCSPDSNSYGMIMNW,QSDOYUMMVWAMXCFUMEU@example.com,JVLGHVDVWHBCLEQBNHM,2
932,SBGKEUBDXPWOEDZXOZQ,HMQRKGDMXXOINSDPNAB,SBGKEUBDXPWOEDZXOZQ@example.com,JXUSRTSMLAHKQDDWMZA,37
933,JUDPNLJFLYABQZOVLCK,JYKOGMOMZCZBQQIYMZT,JUDPNLJFLYABQZOVLCK@example.com,BZWURBKCKKKYICCAWPB,59
934,YACJDQCYJBCPYZKFCVZ,NGLFARLVTGNXGDVAJSH,YACJDQCYJBCPYZKFCVZ@example.com,HKKKXQLEQNJZHLJYRTO,75
935,GAXAAQYKYDVJFVEPAKB,NHXJWAYIORSTOFWXCEF,GAXAAQYKYDVJFVEPAKB@example.com,XMFGGJYCKIJQPMOMFCH,1
936,JNTKUVQTUUEWHMNRTRH,UUZCRNOWWCZDLNTIUXO,JNTKUVQTUUEWHMNRTRH@example.com,WUKORVJRIUDQVWVVWAS,5
937,ANMPPRRCVOUGIPEUJBR,YNPFBQJFEKCGVTIPPZE,ANMPPRRCVOUGIPEUJBR@example.com,VCYBLJIBIGKHGZUHTVU,10
938,VOIEUCMLQRDBHNNSILC,GSEIEGGUIQXFGIFUVBI,VOIEUCMLQRDBHNNSILC@example.com,WVETMTKDTAZOCLWQDPM,30
939,NHHHCIQRGLBRZDZWELV,KCWIECVREOATLTTYMZC,NHHHCIQRGLBRZDZWELV@example.com,MTTHXOXAUKTQWAOWZIB,60
940,BVCIDZZTCZODTEOWNJN,HABEAYAKWAIQREHJLPQ,BVCIDZZTCZODTEOWNJN@example.com,XYFSMEVMZPWLNJRNYUK,56
941,NBFFZOIYBLEYDEQCKWA,YUBDFPDQSVDHPLTRPGW,NBFFZOIYBLEYDEQCKWA@example.com,KCHZMDGEUXUKLSTLGFY,33
942,GZNAPUMLVLDXBRZWIBC,WHFMOZIOUELEERLIAUC,GZNAPUMLVLDXBRZWIBC@example.com,KQEFPUDZBOHNJDAKLNV,74
943,KKWMYIAUKOPIRXSXXGJ,OYXVXCBFMBFGUGAODKM,KKWMYIAUKOPIRXSXXGJ@example.com,CBYZLSOFBPNWYYMOZJW,63
944,NUMRAMESHISCJEPXTJU,FGEPDGHPCLNHIVWYXVB,NUMRAMESHISCJEPXTJU@example.com,GMIWXIRVDRPJLRWYTLG,88
945,GZSVJPCRCQWTTZZVRQV,EKIMTLIRCGZOBYEDNXF,GZSVJPCRCQWTTZZVRQV@example.com,GMBJKPRKGRDTSVHJVZK,90
946,YZSPXIFGEPFSPJRQJWK,XOCRHDZWPCABGKXNRYF,YZSPXIFGEPFSPJRQJWK@example.com,JQYPVTNGOQKULQECVHI,20
947,FHDMFABOUAJCCZVDPOW,NCZCPMGVBUEDXFATSFH,FHDMFABOUAJCCZVDPOW@example.com,IWCXXQGFCSGJCASKTDK,57
948,OXKKWZEVDWYUOTDNXAS,YCMWTNKSZSONUTGHHQO,OXKKWZEVDWYUOTDNXAS@example.com,WJUNHPNUZXTGVZBXZBB,51
949,ITYRFUCRFHTLSEEFTDG,CLTNFBUCTWJWYBPBEPQ,ITYRFUCRFHTLSEEFTDG@example.com,SIFCBPJHXLXYWHNBQJY,74
950,UCYRXDISDMHTIKYBOJD,BFPORTAFVOGJONZZYPD,UCYRXDISDMHTIKYBOJD@example.com,VBNZPMSCCPDOMXWNUOC,83
951,BIPYMBYZHGYGWHPSYSZ,KBVWGYQEVPQXKMIZXZG,BIPYMBYZHGYGWHPSYSZ@example.com,EOTYDRYLHVOEOMJZVEV,89
952,TZWQCLPJTVNMVFXWLWX,ZDDRYFJHWEYUHTYVZBG,TZWQCLPJTVNMVFXWLWX@example.com,TFBCKGBGFGAATQSQALD,27
953,WNCGAMEHGGZGLKCTJAN,VYPZFGJOBSNLVYFSADP,WNCGAMEHGGZGLKCTJAN@example.com,PAUZQNQZPAIPSEWGKYD,63
954,ICJUHJBJXWTNZADBGUB,OUEVGZJBPUVLPVSPTDO,ICJUHJBJXWTNZADBGUB@example.com,NLTYHXHVCMIWBEMWPQD,48
955,KOOQVKLFENGQLOWERSD,XHJBZHIEEUCOPHCWHIP,KOOQVKLFENGQLOWERSD@example.com,BLQKTLRGJIDBVUQMXFZ,15
956,KKYJUDJHXMHYIIDFFDD,FXHKRKOYOFSPUTHAOOU,KKYJUDJHXMHYIIDFFDD@example.com,YSCBPGMKNAKFWYGZYLN,90
957,JWCGOOAGMEBZMQRIHTY,LNNJBHYTIRWNSFAMWFU,JWCGOOAGMEBZMQRIHTY@example.com,DLMNJHUSDUODPPITFKS,56
958,NMOQADDXQNFVJXPCTAG,ZRPIHNZHPOQJPORAYMY,NMOQADDXQNFVJXPCTAG@example.com,ZPCRIVXYXHYSMYDXHSZ,7
959,MWZUKHLZPZHRHNNDALZ,ODEWYRQTMMBKVBDKCPM,MWZUKHLZPZHRHNNDALZ@example.com,LEXIBIADEZBZXJPMILT,49
960,UKMPSZHUCOWFMTYQYBP,GPHBRIRVSPVAILRQMBL,UKMPSZHUCOWFMTYQYBP@example.com,VRITZMPYOQAUONNBYCL,18
961,YKDLFOZROYCROBKUQQZ,FORHILDNREZZEUDGTFQ,YKDLFOZROYCROBKUQQZ@example.com,YSKBYBNGYZDEATZRPCS,73
962,PKWSUUGFLBILILMKYZF,NHTSXIQXRRGJZJOZRYO,PKWSUUGFLBILILMKYZF@example.com,KJJDOYTACWEMFRLOCKQ,88
963,MSAVIAZQFVLPQRFNBEU,KACCUCTIMUPNFHHBFPC,MSAVIAZQFVLPQRFNBEU@example.com,GHSQFSNGYZBXBCKTEPJ,34
964,IFKVMYCNOKWVAXHBAVR,HUIUUOGFZKTMWMVYCJD,IFKVMYCNOKWVAXHBAVR@example.com,HBJABSNKITWKWZLMEDH,6
965,UCSEDAVYDFKETCRJQEQ,MNLBIDJMGFUXLJVEAGS,UCSEDAVYDFKETCRJQEQ@example.com,ROPANYURHJAUFRBWBOO,1
966,GPRIUGSWODILUXOQMZE,VKFGDFNENGKRWRDCUWN,GPRIUGSWODILUXOQMZE@example.com,GQSIPNGYTSRVAKUTQXV,14
967,OPQJHCEUBWXPRANGJDB,LAOYIXTTCKQZJYKRHQB,OPQJHCEUBWXPRANGJDB@example.com,IERQGSFNULJUCPXDXQX,19
968,VDHHIYQLCAHWFLAZQWB,CAMCLQZTFUEKHMWLMTL,VDHHIYQLCAHWFLAZQWB@example.com,VXSIZEMMKJCPRDBLEZE,40
969,APHPIASBMWXORBFHXHG,ICTADTXVOHONVVNGTPJ,APHPIASBMWXORBFHXHG@example.com,BBAWIBOMERFXTXGJEQO,86
970,VDMTDEWCLFOVBVEPCEV,FYMQDNEITRHCFATLDKW,VDMTDEWCLFOVBVEPCEV@example.com,DBJJCMABDGMRSZJTNDF,27
971,ZCGMSUXGILGGDRNBLFF,INBVBLXYSMSQSXTJIQM,ZCGMSUXGILGGDRNBLFF@example.com,CLZAKIKJJRPFHEKXUYT,52
972,DIBUVJOAVOKQNXLJLZQ,XUHHVDVGUJVRQVWZLPI,DIBUVJOAVOKQNXLJLZQ@example.com,VHBMTXMQBPMTWKHOLST,29
973,GWYRFWVMKWQSKBNETSE,LLPBWHUKEHPLWLCXUXZ,GWYRFWVMKWQSKBNETSE@example.com,RCEGMNQMUMHNGJDIACG,76
974,AAOFGEXTWMXOGLQRWUD,DHKJVBLFMYIQQHDKVLT,AAOFGEXTWMXOGLQRWUD@example.com,EHRAZUBYNHJGBXENRFW,2
975,SQSWKTOHJOLJMYHVKLA,LCRZTFNSYKYZEHJFNRM,SQSWKTOHJOLJMYHVKLA@example.com,QTCUEJPLPHVKJHVVBRH,16
976,APCIMSEIHAUODAASKJO,TEBUVJUUIGUPJIXDNXE,APCIMSEIHAUODAASKJO@example.com,FEYPUGAPJVNRQAOBBNF,12
977,DHOCQNEIGNCAUKCZXKW,DJCVNVHMHASGLSLKAAK,DHOCQNEIGNCAUKCZXKW@example.com,VGRMGMHBPTBRXEKUMVF,38
978,KFQFJDXHTKJLMJAJGGX,LVEOKWZYIOTXBVDULEG,KFQFJDXHTKJLMJAJGGX@example.com,AAJPCBCCISQOFZKJFQP,96
979,MBJNPUELAPZAFPOVCNW,ZLEYAJJWQFEXTTFLWXF,MBJNPUELAPZAFPOVCNW@example.com,PBCOLQEINJZAKJWUECT,43
980,PKGNXQDFNGQVHAIANMO,WFHLFAMJHDTYCGLAGDD,PKGNXQDFNGQVHAIANMO@example.com,USKTAAACZEXRKIVVYLZ,11
981,YEDZYHENJYUOHXNJIHT,GZEGAZVKCKMYCEGSRNA,YEDZYHENJYUOHXNJIHT@example.com,AANYIRKXAUSNFZCTFVX,92
982,SUBRVZREPWUBUYDQAAN,RJIOYALJVEMGCFQDYJP,SUBRVZREPWUBUYDQAAN@example.com,CDZYDNERATRKNCLXVQR,56
983,TLWGDSKKQNDJZOWXTYP,LSUYFKXRDXXDHYSYKVM,TLWGDSKKQNDJZOWXTYP@example.com,SJSZFTEVFUQBCONQXNO,17
984,IOODEBIMEGBJRDVZFKI,RAUMGJPCEYAUMNJPFNY,IOODEBIMEGBJRDVZFKI@example.com,KEPZMNSAQGGAXRQPCLN,60
985,JBFSJVUIJZHTEMQTBDC,PEXHFBQSSUSHTUAAFZL,JBFSJVUIJZHTEMQTBDC@example.com,JOHIEWQZBKJTXHPKLXK,11
986,GJUJTEUTHVKLDGLWADY,LOKTGCKVXBAXCRAXZSV,GJUJTEUTHVKLDGLWADY@example.com,TBZDEYRBBROGPDAVCJU,27
987,DUFCLGQVRZXIMDJHPNN,YPKRPIAEBYUPGJWHREL,DUFCLGQVRZXIMDJHPNN@example.com,OESSMNBWMNIBPRJYKUE,9
988,VMHOZUZAUNMWLFJAYJC,FEOGGWNQTPXQDBLFNZL,VMHOZUZAUNMWLFJAYJC@example.com,YLTCIBTPMASLCDGQPRQ,57
989,QZLLZGCEXWKNQUZFIFN,AWZQDHLOTJNBDDJTSQF,QZLLZGCEXWKNQUZFIFN@example.com,CIRNXAVDWMIROBYUFIQ,96
990,GRHDXKPVRNGZVEVTJDC,KQRBVOLLWXOHVGZZMJI,GRHDXKPVRNGZVEVTJDC@example.com,NCMVETFEOZCGDWTSHIC,48
991,NNRJSIRDPZERRHGYQXC,OJEQDPPHZGADYLOGXEO,NNRJSIRDPZERRHGYQXC@example.com,DZQJGQBNAECVQLIXCDU,36
992,MRVKPLGBQRTECGMXZNO,RFUHHTYTYZOEGDZVKFT,MRVKPLGBQRTECGMXZNO@example.com,CRQRNXXILAJTBALPHRJ,77
993,XEJAGUVNKXOFVGUSCUR,XCMLISFGFYQGLIYNVAV,XEJAGUVNKXOFVGUSCUR@example.com,RCUIARCDLNJACZYCNZX,22
994,ZBVAUEKVMNMUXEZQNLJ,ZKIVKJWLJRONWDRRWEA,ZBVAUEKVMNMUXEZQNLJ@example.com,HXOQDECNDIWGSQZFYGD,53
995,FQITGFBJQSJFUSOAXFK,NRFQKUBDAIDGLIMVIMN,FQITGFBJQSJFUSOAXFK@example.com,QZHWXJGYIMCCDGIMIZG,50
996,TTRJMYOQGPTXODNFVKT,DDCLOFSULFTZAVWSMAL,TTRJMYOQGPTXODNFVKT@example.com,CDJRGUBXNMSMDQEANMN,21
997,NJTBJTIHATXMPFHHSCW,NBTWEIBZEGTZSLZYJMA,NJTBJTIHATXMPFHHSCW@example.com,XLPNULNPMRHFOZKAQEH,71
998,FSAKXLNQZPAQEMVOAMA,IYUVYGEQYQHOKJMHAOQ,FSAKXLNQZPAQEMVOAMA@example.com,OFVMVQVUWEVXHFXKIDU,96
999,VZHQXQLWHDPLSNAWCPF,DPABNUBUVLZSNWUENJU,VZHQXQLWHDPLSNAWCPF@example.com,SKGSYCHVPLHYRVCEHUX,69
1000,MRTBGRTQJIPXLAURIZR,LLHSCYWTJINFKRYESWW,MRTBGRTQJIPXLAURIZR@example.com,WQPSNFGXNFSOPIOCJHJ,20
